"Time","recv br-1785ac75ae63","recv br-d68a9b3682c0","recv docker0","recv enp0s3","recv veth3aabc0b","recv vetha617128","recv vetha7118d2","recv vethc1091c1","recv vethc954da7","recv vethda3fa3d","recv vethf07ecd0","recv vethf884fa3","trans br-1785ac75ae63 ","trans br-d68a9b3682c0 ","trans docker0 ","trans enp0s3 ","trans veth3aabc0b ","trans vetha617128 ","trans vetha7118d2 ","trans vethc1091c1 ","trans vethc954da7 ","trans vethda3fa3d ","trans vethf07ecd0 ","trans vethf884fa3 "
2025-03-18 21:50:15,,239 b/s,0 b/s,973 b/s,9.12 kb/s,,,,25.6 kb/s,3.24 kb/s,0 b/s,,,188 b/s,0 b/s,438 b/s,11.7 kb/s,,,,12.3 kb/s,14.5 kb/s,275 b/s,
2025-03-18 21:50:30,,0 b/s,0 b/s,512 b/s,6.62 kb/s,,,,14.0 kb/s,275 b/s,0 b/s,,,0 b/s,0 b/s,143 b/s,7.19 kb/s,,,,6.93 kb/s,6.91 kb/s,37.3 b/s,
2025-03-18 21:50:45,,0 b/s,0 b/s,682 b/s,6.69 kb/s,,,,14.4 kb/s,565 b/s,0 b/s,,,0 b/s,0 b/s,171 b/s,7.33 kb/s,,,,7.25 kb/s,7.10 kb/s,0 b/s,
2025-03-18 21:51:00,,0 b/s,0 b/s,497 b/s,6.58 kb/s,,,,14.0 kb/s,348 b/s,0 b/s,,,0 b/s,0 b/s,143 b/s,7.15 kb/s,,,,6.97 kb/s,6.97 kb/s,37.4 b/s,
2025-03-18 21:51:15,,0 b/s,0 b/s,640 b/s,7.33 kb/s,,,,15.7 kb/s,563 b/s,0 b/s,,,0 b/s,0 b/s,122 b/s,7.99 kb/s,,,,7.89 kb/s,7.67 kb/s,0 b/s,
2025-03-18 21:51:30,,0 b/s,0 b/s,19.4 kb/s,6.61 kb/s,,,,14.0 kb/s,323 b/s,0 b/s,,,0 b/s,0 b/s,5.10 Mb/s,7.14 kb/s,,,,6.93 kb/s,6.89 kb/s,0 b/s,
2025-03-18 21:51:45,,0 b/s,0 b/s,942 b/s,7.40 kb/s,,,,15.8 kb/s,564 b/s,0 b/s,,,0 b/s,0 b/s,283 b/s,8.09 kb/s,,,,7.97 kb/s,7.69 kb/s,0 b/s,
2025-03-18 21:52:00,,0 b/s,0 b/s,675 b/s,6.56 kb/s,,,,14.0 kb/s,347 b/s,0 b/s,,,0 b/s,0 b/s,280 b/s,7.08 kb/s,,,,6.95 kb/s,6.96 kb/s,37.3 b/s,
2025-03-18 21:52:15,,0 b/s,0 b/s,1.01 kb/s,7.31 kb/s,,,,15.8 kb/s,618 b/s,0 b/s,,,0 b/s,0 b/s,584 b/s,8.05 kb/s,,,,7.93 kb/s,7.76 kb/s,0 b/s,
2025-03-18 21:52:30,,0 b/s,0 b/s,591 b/s,6.56 kb/s,,,,14.0 kb/s,275 b/s,0 b/s,,,0 b/s,0 b/s,243 b/s,7.12 kb/s,,,,6.84 kb/s,6.84 kb/s,0 b/s,
2025-03-18 21:52:45,,0 b/s,0 b/s,809 b/s,7.44 kb/s,,,,15.8 kb/s,564 b/s,0 b/s,,,0 b/s,0 b/s,318 b/s,8.05 kb/s,,,,8.00 kb/s,7.72 kb/s,0 b/s,
2025-03-18 21:53:00,,0 b/s,0 b/s,1.14 kb/s,6.54 kb/s,,,,14.0 kb/s,348 b/s,0 b/s,,,0 b/s,0 b/s,518 b/s,7.10 kb/s,,,,6.89 kb/s,6.92 kb/s,0 b/s,
2025-03-18 21:53:15,,0 b/s,0 b/s,732 b/s,7.37 kb/s,,,,15.8 kb/s,618 b/s,0 b/s,,,0 b/s,0 b/s,318 b/s,8.05 kb/s,,,,7.99 kb/s,7.76 kb/s,0 b/s,
2025-03-18 21:53:30,,0 b/s,0 b/s,667 b/s,6.65 kb/s,,,,14.1 kb/s,275 b/s,0 b/s,,,0 b/s,0 b/s,275 b/s,7.20 kb/s,,,,6.93 kb/s,6.88 kb/s,0 b/s,
2025-03-18 21:53:45,,0 b/s,0 b/s,801 b/s,6.78 kb/s,,,,14.4 kb/s,516 b/s,0 b/s,,,0 b/s,0 b/s,502 b/s,7.36 kb/s,,,,7.33 kb/s,7.11 kb/s,0 b/s,
2025-03-18 21:54:00,,0 b/s,0 b/s,1.10 kb/s,7.13 kb/s,,,,15.3 kb/s,432 b/s,0 b/s,,,0 b/s,0 b/s,300 b/s,7.74 kb/s,,,,7.56 kb/s,7.61 kb/s,40.7 b/s,
2025-03-18 21:54:15,,0 b/s,0 b/s,668 b/s,6.79 kb/s,,,,14.5 kb/s,517 b/s,0 b/s,,,0 b/s,0 b/s,313 b/s,7.43 kb/s,,,,7.31 kb/s,7.09 kb/s,0 b/s,
2025-03-18 21:54:30,,0 b/s,0 b/s,842 b/s,7.18 kb/s,,,,15.2 kb/s,299 b/s,0 b/s,,,0 b/s,0 b/s,429 b/s,7.74 kb/s,,,,7.48 kb/s,7.46 kb/s,0 b/s,
2025-03-18 21:54:45,,0 b/s,0 b/s,875 b/s,6.74 kb/s,,,,14.5 kb/s,566 b/s,0 b/s,,,0 b/s,0 b/s,416 b/s,7.36 kb/s,,,,7.31 kb/s,7.10 kb/s,0 b/s,
2025-03-18 21:55:00,,0 b/s,0 b/s,10.6 kb/s,7.15 kb/s,,,,15.3 kb/s,380 b/s,0 b/s,,,0 b/s,0 b/s,3.95 kb/s,7.75 kb/s,,,,7.53 kb/s,7.56 kb/s,0 b/s,
2025-03-18 21:55:15,,0 b/s,0 b/s,968 b/s,7.22 kb/s,,,,15.3 kb/s,300 b/s,0 b/s,,,0 b/s,0 b/s,506 b/s,7.80 kb/s,,,,7.52 kb/s,7.50 kb/s,0 b/s,
2025-03-18 21:55:30,,0 b/s,0 b/s,591 b/s,6.75 kb/s,,,,14.5 kb/s,567 b/s,0 b/s,,,0 b/s,0 b/s,211 b/s,7.37 kb/s,,,,7.32 kb/s,7.15 kb/s,0 b/s,
2025-03-18 21:55:45,,0 b/s,0 b/s,814 b/s,7.17 kb/s,,,,15.3 kb/s,380 b/s,0 b/s,,,0 b/s,0 b/s,352 b/s,7.75 kb/s,,,,7.55 kb/s,7.55 kb/s,0 b/s,
2025-03-18 21:56:00,,0 b/s,0 b/s,1.15 kb/s,6.78 kb/s,,,,14.4 kb/s,517 b/s,0 b/s,,,0 b/s,0 b/s,518 b/s,7.37 kb/s,,,,7.30 kb/s,7.08 kb/s,0 b/s,
2025-03-18 21:56:15,,0 b/s,0 b/s,686 b/s,7.22 kb/s,,,,15.3 kb/s,353 b/s,0 b/s,,,0 b/s,0 b/s,283 b/s,7.80 kb/s,,,,7.57 kb/s,7.53 kb/s,0 b/s,
2025-03-18 21:56:30,,0 b/s,0 b/s,640 b/s,6.79 kb/s,,,,14.5 kb/s,518 b/s,0 b/s,,,0 b/s,0 b/s,243 b/s,7.42 kb/s,,,,7.31 kb/s,7.09 kb/s,0 b/s,
2025-03-18 21:56:45,,0 b/s,0 b/s,1.05 kb/s,7.15 kb/s,,,,15.3 kb/s,379 b/s,0 b/s,,,0 b/s,0 b/s,582 b/s,7.72 kb/s,,,,7.53 kb/s,7.54 kb/s,0 b/s,
2025-03-18 21:57:00,,0 b/s,0 b/s,856 b/s,6.69 kb/s,,,,14.4 kb/s,566 b/s,0 b/s,,,0 b/s,0 b/s,307 b/s,7.33 kb/s,,,,7.26 kb/s,7.10 kb/s,0 b/s,
2025-03-18 21:57:15,,0 b/s,0 b/s,700 b/s,6.57 kb/s,,,,14.0 kb/s,275 b/s,0 b/s,,,0 b/s,0 b/s,0 b/s,7.13 kb/s,,,,6.89 kb/s,6.89 kb/s,0 b/s,
2025-03-18 21:57:30,,0 b/s,0 b/s,456 b/s,7.43 kb/s,,,,15.8 kb/s,564 b/s,0 b/s,,,0 b/s,0 b/s,87.2 b/s,8.04 kb/s,,,,7.99 kb/s,7.71 kb/s,0 b/s,
2025-03-18 21:57:45,,0 b/s,0 b/s,360 b/s,6.55 kb/s,,,,14.0 kb/s,349 b/s,0 b/s,,,0 b/s,0 b/s,0 b/s,7.11 kb/s,,,,6.90 kb/s,6.93 kb/s,37.4 b/s,
2025-03-18 21:58:00,,0 b/s,0 b/s,559 b/s,7.36 kb/s,,,,15.8 kb/s,619 b/s,0 b/s,,,0 b/s,0 b/s,87.3 b/s,8.08 kb/s,,,,7.98 kb/s,7.75 kb/s,0 b/s,
2025-03-18 21:58:15,,0 b/s,0 b/s,604 b/s,6.65 kb/s,,,,14.1 kb/s,275 b/s,0 b/s,,,0 b/s,0 b/s,0 b/s,7.20 kb/s,,,,6.93 kb/s,6.87 kb/s,0 b/s,
2025-03-18 21:58:30,,0 b/s,0 b/s,629 b/s,7.34 kb/s,,,,15.7 kb/s,565 b/s,0 b/s,,,0 b/s,0 b/s,163 b/s,8.00 kb/s,,,,7.90 kb/s,7.68 kb/s,0 b/s,
2025-03-18 21:58:45,,0 b/s,0 b/s,387 b/s,6.54 kb/s,,,,14.1 kb/s,398 b/s,0 b/s,,,0 b/s,0 b/s,0 b/s,7.10 kb/s,,,,6.94 kb/s,6.99 kb/s,0 b/s,
2025-03-18 21:59:00,,0 b/s,0 b/s,3.29 kb/s,7.40 kb/s,,,,15.8 kb/s,565 b/s,0 b/s,,,0 b/s,0 b/s,1.29 kb/s,8.05 kb/s,,,,7.96 kb/s,7.72 kb/s,0 b/s,
2025-03-18 21:59:15,,0 b/s,0 b/s,433 b/s,6.64 kb/s,,,,14.0 kb/s,275 b/s,0 b/s,,,0 b/s,0 b/s,0 b/s,7.14 kb/s,,,,6.92 kb/s,6.88 kb/s,0 b/s,
2025-03-18 21:59:30,,0 b/s,0 b/s,676 b/s,7.36 kb/s,,,,15.8 kb/s,618 b/s,0 b/s,,,0 b/s,0 b/s,52.3 b/s,8.03 kb/s,,,,7.97 kb/s,7.75 kb/s,0 b/s,
2025-03-18 21:59:45,,0 b/s,0 b/s,3.39 kb/s,6.53 kb/s,,,,14.0 kb/s,348 b/s,0 b/s,,,0 b/s,0 b/s,1.41 kb/s,7.09 kb/s,,,,6.88 kb/s,6.91 kb/s,0 b/s,
2025-03-18 22:00:00,,0 b/s,0 b/s,550 b/s,7.45 kb/s,,,,15.8 kb/s,567 b/s,0 b/s,,,0 b/s,0 b/s,87.4 b/s,8.11 kb/s,,,,8.02 kb/s,7.70 kb/s,0 b/s,
2025-03-18 22:00:15,,0 b/s,0 b/s,446 b/s,6.61 kb/s,,,,14.0 kb/s,275 b/s,0 b/s,,,0 b/s,0 b/s,67.2 b/s,7.15 kb/s,,,,6.89 kb/s,6.87 kb/s,0 b/s,
2025-03-18 22:00:30,,0 b/s,0 b/s,658 b/s,6.69 kb/s,,,,14.4 kb/s,567 b/s,0 b/s,,,0 b/s,0 b/s,0 b/s,7.33 kb/s,,,,7.26 kb/s,7.11 kb/s,0 b/s,
2025-03-18 22:00:45,,0 b/s,0 b/s,593 b/s,7.18 kb/s,,,,15.3 kb/s,381 b/s,0 b/s,,,0 b/s,0 b/s,126 b/s,7.76 kb/s,,,,7.56 kb/s,7.56 kb/s,0 b/s,
2025-03-18 22:01:00,,0 b/s,0 b/s,411 b/s,6.78 kb/s,,,,14.4 kb/s,518 b/s,0 b/s,,,0 b/s,0 b/s,0 b/s,7.37 kb/s,,,,7.30 kb/s,7.08 kb/s,0 b/s,
2025-03-18 22:01:15,,0 b/s,0 b/s,637 b/s,7.22 kb/s,,,,15.3 kb/s,354 b/s,0 b/s,,,0 b/s,0 b/s,255 b/s,7.80 kb/s,,,,7.57 kb/s,7.53 kb/s,0 b/s,
2025-03-18 22:01:30,,0 b/s,0 b/s,699 b/s,7.15 kb/s,,,,15.3 kb/s,380 b/s,0 b/s,,,0 b/s,0 b/s,52.3 b/s,7.72 kb/s,,,,7.53 kb/s,7.54 kb/s,0 b/s,
2025-03-18 22:01:45,,0 b/s,0 b/s,455 b/s,6.75 kb/s,,,,14.5 kb/s,567 b/s,0 b/s,,,0 b/s,0 b/s,0 b/s,7.37 kb/s,,,,7.32 kb/s,7.15 kb/s,0 b/s,
2025-03-18 22:02:00,,0 b/s,0 b/s,500 b/s,7.21 kb/s,,,,15.3 kb/s,300 b/s,0 b/s,,,0 b/s,0 b/s,87.2 b/s,7.79 kb/s,,,,7.51 kb/s,7.49 kb/s,0 b/s,
2025-03-18 22:02:15,,0 b/s,0 b/s,339 b/s,6.83 kb/s,,,,14.5 kb/s,519 b/s,0 b/s,,,0 b/s,0 b/s,0 b/s,7.39 kb/s,,,,7.35 kb/s,7.09 kb/s,0 b/s,
2025-03-18 22:02:30,,0 b/s,0 b/s,820 b/s,7.14 kb/s,,,,15.3 kb/s,381 b/s,0 b/s,,,0 b/s,0 b/s,52.4 b/s,7.75 kb/s,,,,7.52 kb/s,7.56 kb/s,0 b/s,
2025-03-18 22:02:45,,0 b/s,0 b/s,370 b/s,6.69 kb/s,,,,14.4 kb/s,567 b/s,0 b/s,,,0 b/s,0 b/s,32.0 b/s,7.33 kb/s,,,,7.26 kb/s,7.11 kb/s,0 b/s,
2025-03-18 22:03:00,,0 b/s,0 b/s,514 b/s,7.19 kb/s,,,,15.2 kb/s,300 b/s,0 b/s,,,0 b/s,0 b/s,52.3 b/s,7.77 kb/s,,,,7.49 kb/s,7.45 kb/s,0 b/s,
2025-03-18 22:03:15,,0 b/s,0 b/s,464 b/s,6.77 kb/s,,,,14.4 kb/s,517 b/s,0 b/s,,,0 b/s,0 b/s,31.9 b/s,7.35 kb/s,,,,7.29 kb/s,7.07 kb/s,0 b/s,
2025-03-18 22:03:30,,0 b/s,0 b/s,307 b/s,6.56 kb/s,,,,14.1 kb/s,399 b/s,0 b/s,,,0 b/s,0 b/s,0 b/s,7.12 kb/s,,,,6.96 kb/s,7.00 kb/s,0 b/s,
2025-03-18 22:03:45,,0 b/s,0 b/s,849 b/s,7.33 kb/s,,,,15.7 kb/s,565 b/s,0 b/s,,,0 b/s,0 b/s,87.2 b/s,8.01 kb/s,,,,7.90 kb/s,7.68 kb/s,0 b/s,
2025-03-18 22:04:00,,0 b/s,0 b/s,338 b/s,6.63 kb/s,,,,14.0 kb/s,275 b/s,0 b/s,,,0 b/s,0 b/s,0 b/s,7.12 kb/s,,,,6.90 kb/s,6.86 kb/s,0 b/s,
2025-03-18 22:04:15,,0 b/s,0 b/s,550 b/s,7.37 kb/s,,,,15.8 kb/s,620 b/s,0 b/s,,,0 b/s,0 b/s,87.4 b/s,8.05 kb/s,,,,7.99 kb/s,7.77 kb/s,0 b/s,
2025-03-18 22:04:30,,0 b/s,0 b/s,433 b/s,6.55 kb/s,,,,14.0 kb/s,349 b/s,0 b/s,,,0 b/s,0 b/s,0 b/s,7.11 kb/s,,,,6.90 kb/s,6.93 kb/s,0 b/s,
2025-03-18 22:04:45,,0 b/s,0 b/s,752 b/s,7.45 kb/s,,,,15.8 kb/s,566 b/s,0 b/s,,,0 b/s,0 b/s,87.4 b/s,8.10 kb/s,,,,8.05 kb/s,7.77 kb/s,0 b/s,
2025-03-18 22:05:00,,0 b/s,0 b/s,432 b/s,6.61 kb/s,,,,14.0 kb/s,275 b/s,0 b/s,,,0 b/s,0 b/s,0 b/s,7.14 kb/s,,,,6.88 kb/s,6.87 kb/s,0 b/s,
2025-03-18 22:05:15,,0 b/s,0 b/s,549 b/s,7.36 kb/s,,,,15.8 kb/s,619 b/s,0 b/s,,,0 b/s,0 b/s,87.3 b/s,8.04 kb/s,,,,7.98 kb/s,7.76 kb/s,0 b/s,
2025-03-18 22:05:30,,0 b/s,0 b/s,338 b/s,6.58 kb/s,,,,14.0 kb/s,349 b/s,0 b/s,,,0 b/s,0 b/s,0 b/s,7.12 kb/s,,,,6.93 kb/s,6.93 kb/s,0 b/s,
2025-03-18 22:05:45,,0 b/s,0 b/s,524 b/s,7.39 kb/s,,,,15.7 kb/s,565 b/s,0 b/s,,,0 b/s,0 b/s,52.3 b/s,8.03 kb/s,,,,7.96 kb/s,7.72 kb/s,40.7 b/s,
2025-03-18 22:06:00,,0 b/s,0 b/s,668 b/s,6.62 kb/s,,,,14.1 kb/s,324 b/s,0 b/s,,,0 b/s,0 b/s,32.0 b/s,7.15 kb/s,,,,6.94 kb/s,6.90 kb/s,0 b/s,
2025-03-18 22:06:15,,0 b/s,0 b/s,489 b/s,7.40 kb/s,,,,15.8 kb/s,565 b/s,0 b/s,,,0 b/s,0 b/s,52.3 b/s,8.08 kb/s,,,,7.96 kb/s,7.68 kb/s,0 b/s,
2025-03-18 22:06:30,,0 b/s,0 b/s,456 b/s,6.57 kb/s,,,,14.0 kb/s,349 b/s,0 b/s,,,0 b/s,0 b/s,32.0 b/s,7.12 kb/s,,,,6.92 kb/s,6.93 kb/s,0 b/s,
2025-03-18 22:06:45,,0 b/s,0 b/s,1.22 kb/s,7.30 kb/s,,,,15.8 kb/s,619 b/s,0 b/s,,,0 b/s,0 b/s,52.4 b/s,8.00 kb/s,,,,7.92 kb/s,7.76 kb/s,0 b/s,
2025-03-18 22:07:00,,0 b/s,0 b/s,1.88 kb/s,6.62 kb/s,,,,14.0 kb/s,275 b/s,0 b/s,,,0 b/s,0 b/s,32.0 b/s,7.15 kb/s,,,,6.89 kb/s,6.87 kb/s,0 b/s,
2025-03-18 22:07:15,,0 b/s,0 b/s,382 b/s,6.81 kb/s,,,,14.5 kb/s,518 b/s,0 b/s,,,0 b/s,0 b/s,0 b/s,7.38 kb/s,,,,7.33 kb/s,7.07 kb/s,0 b/s,
2025-03-18 22:07:30,,0 b/s,0 b/s,746 b/s,7.14 kb/s,,,,15.3 kb/s,381 b/s,0 b/s,,,0 b/s,0 b/s,122 b/s,7.75 kb/s,,,,7.52 kb/s,7.56 kb/s,0 b/s,
2025-03-18 22:07:45,,0 b/s,0 b/s,51.5 kb/s,7.26 kb/s,,,,15.4 kb/s,300 b/s,0 b/s,,,0 b/s,0 b/s,176 kb/s,7.86 kb/s,,,,7.57 kb/s,7.51 kb/s,0 b/s,
2025-03-18 22:08:00,,0 b/s,0 b/s,561 b/s,6.78 kb/s,,,,14.4 kb/s,518 b/s,0 b/s,,,0 b/s,0 b/s,0 b/s,7.37 kb/s,,,,7.30 kb/s,7.08 kb/s,0 b/s,
2025-03-18 22:08:15,,0 b/s,0 b/s,1.26 kb/s,7.14 kb/s,,,,15.4 kb/s,434 b/s,0 b/s,,,0 b/s,0 b/s,454 b/s,7.75 kb/s,,,,7.57 kb/s,7.63 kb/s,0 b/s,
2025-03-18 22:08:30,,0 b/s,0 b/s,575 b/s,6.78 kb/s,,,,14.5 kb/s,518 b/s,0 b/s,,,0 b/s,0 b/s,0 b/s,7.38 kb/s,,,,7.30 kb/s,7.08 kb/s,0 b/s,
2025-03-18 22:08:45,,0 b/s,0 b/s,924 b/s,7.24 kb/s,,,,15.2 kb/s,300 b/s,0 b/s,,,0 b/s,0 b/s,384 b/s,7.78 kb/s,,,,7.54 kb/s,7.46 kb/s,0 b/s,
2025-03-18 22:09:00,,0 b/s,0 b/s,583 b/s,6.75 kb/s,,,,14.5 kb/s,567 b/s,0 b/s,,,0 b/s,0 b/s,32.0 b/s,7.37 kb/s,,,,7.31 kb/s,7.11 kb/s,0 b/s,
2025-03-18 22:09:15,,0 b/s,0 b/s,4.57 kb/s,7.13 kb/s,,,,15.3 kb/s,380 b/s,0 b/s,,,0 b/s,0 b/s,2.05 kb/s,7.74 kb/s,,,,7.51 kb/s,7.55 kb/s,0 b/s,
2025-03-18 22:09:30,,0 b/s,0 b/s,511 b/s,6.83 kb/s,,,,14.5 kb/s,519 b/s,0 b/s,,,0 b/s,0 b/s,32.0 b/s,7.42 kb/s,,,,7.35 kb/s,7.09 kb/s,0 b/s,
2025-03-18 22:09:45,,0 b/s,0 b/s,1.22 kb/s,7.22 kb/s,,,,15.3 kb/s,300 b/s,0 b/s,,,0 b/s,0 b/s,423 b/s,7.80 kb/s,,,,7.52 kb/s,7.50 kb/s,0 b/s,
2025-03-18 22:10:00,,0 b/s,0 b/s,615 b/s,6.75 kb/s,,,,14.5 kb/s,567 b/s,0 b/s,,,0 b/s,0 b/s,32 b/s,7.37 kb/s,,,,7.32 kb/s,7.15 kb/s,0 b/s,
2025-03-18 22:10:15,,0 b/s,0 b/s,1.28 kb/s,6.58 kb/s,,,,14.0 kb/s,349 b/s,0 b/s,,,0 b/s,0 b/s,339 b/s,7.11 kb/s,,,,6.93 kb/s,6.92 kb/s,0 b/s,
2025-03-18 22:10:30,,0 b/s,0 b/s,61.8 kb/s,7.40 kb/s,,,,15.8 kb/s,566 b/s,0 b/s,,,0 b/s,0 b/s,2.17 Mb/s,8.04 kb/s,,,,7.97 kb/s,7.72 kb/s,0 b/s,
2025-03-18 22:10:45,,0 b/s,0 b/s,2.06 kb/s,6.56 kb/s,,,,14.0 kb/s,324 b/s,0 b/s,,,0 b/s,0 b/s,909 b/s,7.11 kb/s,,,,6.88 kb/s,6.90 kb/s,0 b/s,
2025-03-18 22:11:00,,0 b/s,0 b/s,1.16 kb/s,7.41 kb/s,,,,15.8 kb/s,566 b/s,0 b/s,,,0 b/s,0 b/s,472 b/s,8.09 kb/s,,,,7.97 kb/s,7.73 kb/s,0 b/s,
2025-03-18 22:11:15,,0 b/s,0 b/s,1.29 kb/s,6.56 kb/s,,,,14.0 kb/s,349 b/s,0 b/s,,,0 b/s,0 b/s,764 b/s,7.08 kb/s,,,,6.91 kb/s,6.92 kb/s,0 b/s,
2025-03-18 22:11:30,,0 b/s,0 b/s,1.26 kb/s,7.36 kb/s,,,,15.8 kb/s,619 b/s,0 b/s,,,0 b/s,0 b/s,474 b/s,8.04 kb/s,,,,7.98 kb/s,7.80 kb/s,0 b/s,
2025-03-18 22:11:45,,0 b/s,0 b/s,1.25 kb/s,6.62 kb/s,,,,14.0 kb/s,275 b/s,0 b/s,,,0 b/s,0 b/s,551 b/s,7.15 kb/s,,,,6.90 kb/s,6.88 kb/s,0 b/s,
2025-03-18 22:12:00,,0 b/s,0 b/s,1.11 kb/s,7.43 kb/s,,,,15.8 kb/s,565 b/s,0 b/s,,,0 b/s,0 b/s,588 b/s,8.05 kb/s,,,,8.00 kb/s,7.72 kb/s,0 b/s,
2025-03-18 22:12:15,,0 b/s,0 b/s,874 b/s,6.54 kb/s,,,,14.0 kb/s,349 b/s,0 b/s,,,0 b/s,0 b/s,281 b/s,7.10 kb/s,,,,6.89 kb/s,6.92 kb/s,0 b/s,
2025-03-18 22:12:30,,0 b/s,0 b/s,1.63 kb/s,7.30 kb/s,,,,15.8 kb/s,619 b/s,0 b/s,,,0 b/s,0 b/s,693 b/s,8.00 kb/s,,,,7.92 kb/s,7.75 kb/s,0 b/s,
2025-03-18 22:12:45,,0 b/s,0 b/s,973 b/s,6.66 kb/s,,,,14.1 kb/s,275 b/s,0 b/s,,,0 b/s,0 b/s,527 b/s,7.20 kb/s,,,,6.93 kb/s,6.88 kb/s,0 b/s,
2025-03-18 22:13:00,,0 b/s,0 b/s,1.48 kb/s,7.40 kb/s,,,,15.8 kb/s,565 b/s,0 b/s,,,0 b/s,0 b/s,691 b/s,8.04 kb/s,,,,7.96 kb/s,7.72 kb/s,0 b/s,
2025-03-18 22:13:15,,0 b/s,0 b/s,1.04 kb/s,6.54 kb/s,,,,14.1 kb/s,398 b/s,0 b/s,,,0 b/s,0 b/s,348 b/s,7.10 kb/s,,,,6.94 kb/s,6.99 kb/s,0 b/s,
2025-03-18 22:13:30,,0 b/s,0 b/s,1.46 kb/s,6.78 kb/s,,,,14.5 kb/s,518 b/s,0 b/s,,,0 b/s,0 b/s,550 b/s,7.38 kb/s,,,,7.30 kb/s,7.08 kb/s,0 b/s,
2025-03-18 22:13:45,,0 b/s,0 b/s,1.53 kb/s,7.25 kb/s,,,,15.3 kb/s,300 b/s,0 b/s,,,0 b/s,0 b/s,628 b/s,7.79 kb/s,,,,7.55 kb/s,7.51 kb/s,0 b/s,
2025-03-18 22:14:00,,0 b/s,0 b/s,1.14 kb/s,7.14 kb/s,,,,15.3 kb/s,380 b/s,0 b/s,,,0 b/s,0 b/s,391 b/s,7.74 kb/s,,,,7.52 kb/s,7.55 kb/s,0 b/s,
2025-03-18 22:14:15,,0 b/s,0 b/s,1.32 kb/s,6.82 kb/s,,,,14.5 kb/s,518 b/s,0 b/s,,,0 b/s,0 b/s,764 b/s,7.42 kb/s,,,,7.34 kb/s,7.04 kb/s,0 b/s,
2025-03-18 22:14:30,,0 b/s,0 b/s,1.41 kb/s,7.28 kb/s,,,,15.3 kb/s,300 b/s,0 b/s,,,0 b/s,0 b/s,395 b/s,7.80 kb/s,,,,7.58 kb/s,7.50 kb/s,0 b/s,
2025-03-18 22:14:45,,0 b/s,0 b/s,1.02 kb/s,6.75 kb/s,,,,14.5 kb/s,567 b/s,0 b/s,,,0 b/s,0 b/s,588 b/s,7.37 kb/s,,,,7.32 kb/s,7.14 kb/s,0 b/s,
2025-03-18 22:15:00,,0 b/s,0 b/s,1.02 kb/s,7.17 kb/s,,,,15.3 kb/s,380 b/s,0 b/s,,,0 b/s,0 b/s,548 b/s,7.76 kb/s,,,,7.55 kb/s,7.55 kb/s,0 b/s,
2025-03-18 22:15:15,,0 b/s,0 b/s,1.20 kb/s,6.79 kb/s,,,,14.5 kb/s,519 b/s,0 b/s,,,0 b/s,0 b/s,623 b/s,7.37 kb/s,,,,7.31 kb/s,7.08 kb/s,0 b/s,
2025-03-18 22:15:30,,0 b/s,0 b/s,960 b/s,7.22 kb/s,,,,15.3 kb/s,354 b/s,0 b/s,,,0 b/s,0 b/s,400 b/s,7.80 kb/s,,,,7.57 kb/s,7.53 kb/s,0 b/s,
2025-03-18 22:15:45,,0 b/s,0 b/s,1.36 kb/s,6.78 kb/s,,,,14.5 kb/s,518 b/s,0 b/s,,,0 b/s,0 b/s,406 b/s,7.42 kb/s,,,,7.30 kb/s,7.08 kb/s,0 b/s,
2025-03-18 22:16:00,,0 b/s,0 b/s,697 b/s,7.16 kb/s,,,,15.3 kb/s,380 b/s,0 b/s,,,0 b/s,0 b/s,131 b/s,7.73 kb/s,,,,7.54 kb/s,7.55 kb/s,0 b/s,
2025-03-18 22:16:15,,0 b/s,0 b/s,19.9 kb/s,6.74 kb/s,,,,14.5 kb/s,567 b/s,0 b/s,,,0 b/s,0 b/s,25.5 kb/s,7.36 kb/s,,,,7.31 kb/s,7.14 kb/s,0 b/s,
2025-03-18 22:16:30,,0 b/s,0 b/s,770 b/s,6.62 kb/s,,,,14.0 kb/s,275 b/s,0 b/s,,,0 b/s,0 b/s,284 b/s,7.15 kb/s,,,,6.89 kb/s,6.88 kb/s,0 b/s,
2025-03-18 22:16:45,,0 b/s,0 b/s,1.06 kb/s,7.45 kb/s,,,,15.8 kb/s,566 b/s,0 b/s,,,0 b/s,0 b/s,551 b/s,8.06 kb/s,,,,8.01 kb/s,7.73 kb/s,0 b/s,
2025-03-18 22:17:00,,0 b/s,0 b/s,607 b/s,6.54 kb/s,,,,14.0 kb/s,348 b/s,0 b/s,,,0 b/s,0 b/s,246 b/s,7.09 kb/s,,,,6.89 kb/s,6.92 kb/s,0 b/s,
2025-03-18 22:17:15,,0 b/s,0 b/s,21.1 kb/s,7.37 kb/s,,,,15.8 kb/s,619 b/s,0 b/s,,,0 b/s,0 b/s,27.7 kb/s,8.04 kb/s,,,,7.99 kb/s,7.76 kb/s,0 b/s,
2025-03-18 22:17:30,,0 b/s,0 b/s,744 b/s,7.37 kb/s,,,,10.6 kb/s,619 b/s,0 b/s,,,0 b/s,0 b/s,246 b/s,8.04 kb/s,,,,5.29 kb/s,7.76 kb/s,0 b/s,
2025-03-18 22:17:45,,0 b/s,0 b/s,963 b/s,7.37 kb/s,,,,10.6 kb/s,619 b/s,0 b/s,,,0 b/s,0 b/s,397 b/s,8.04 kb/s,,,,5.29 kb/s,7.76 kb/s,0 b/s,
2025-03-18 22:18:00,,0 b/s,0 b/s,885 b/s,,,,,10.6 kb/s,,,,,0 b/s,0 b/s,35.2 b/s,,,,,5.29 kb/s,,,
2025-03-18 22:18:15,,,0 b/s,1.07 kb/s,,,,,,,,,,,0 b/s,627 b/s,,,,,,,,
2025-03-18 22:18:30,,,0 b/s,805 b/s,,,,,,,,,,,0 b/s,319 b/s,,,,,,,,
2025-03-18 22:18:45,,,0 b/s,1.01 kb/s,,,,,,,,,,,0 b/s,324 b/s,,,,,,,,
2025-03-18 22:19:00,,,0 b/s,27.7 kb/s,,,,,,,,,,,0 b/s,10.6 kb/s,,,,,,,,
2025-03-18 22:19:15,16.2 b/s,,0 b/s,1.12 kb/s,,0 b/s,7.09 kb/s,376 b/s,,,,15.2 kb/s,24.2 b/s,,0 b/s,575 b/s,,80.8 b/s,7.77 kb/s,7.57 kb/s,,,,7.52 kb/s
2025-03-18 22:19:30,0 b/s,,0 b/s,849 b/s,,0 b/s,6.73 kb/s,565 b/s,,,,14.5 kb/s,0 b/s,,0 b/s,353 b/s,,37.3 b/s,7.39 kb/s,7.16 kb/s,,,,7.34 kb/s
2025-03-18 22:19:45,0 b/s,,0 b/s,1.05 kb/s,,0 b/s,6.57 kb/s,275 b/s,,,,14.0 kb/s,0 b/s,,0 b/s,531 b/s,,0 b/s,7.13 kb/s,6.85 kb/s,,,,6.85 kb/s
2025-03-18 22:20:00,0 b/s,,0 b/s,1.04 kb/s,,0 b/s,7.50 kb/s,568 b/s,,,,15.9 kb/s,0 b/s,,0 b/s,471 b/s,,0 b/s,8.16 kb/s,7.78 kb/s,,,,8.07 kb/s
2025-03-18 22:20:15,0 b/s,,0 b/s,1.27 kb/s,,0 b/s,7.25 kb/s,613 b/s,,,,15.6 kb/s,0 b/s,,0 b/s,832 b/s,,0 b/s,7.95 kb/s,7.70 kb/s,,,,7.87 kb/s
2025-03-18 22:20:30,0 b/s,,0 b/s,975 b/s,,0 b/s,6.65 kb/s,275 b/s,,,,14.0 kb/s,0 b/s,,0 b/s,316 b/s,,0 b/s,7.20 kb/s,6.84 kb/s,,,,6.93 kb/s
2025-03-18 22:20:45,0 b/s,,0 b/s,867 b/s,,0 b/s,7.39 kb/s,563 b/s,,,,15.7 kb/s,0 b/s,,0 b/s,359 b/s,,0 b/s,8.03 kb/s,7.71 kb/s,,,,7.95 kb/s
2025-03-18 22:21:00,0 b/s,,0 b/s,1.04 kb/s,,0 b/s,6.55 kb/s,397 b/s,,,,14.1 kb/s,0 b/s,,0 b/s,460 b/s,,37.4 b/s,7.14 kb/s,7.03 kb/s,,,,6.95 kb/s
2025-03-18 22:21:15,0 b/s,,0 b/s,1.39 kb/s,,0 b/s,7.38 kb/s,567 b/s,,,,15.8 kb/s,0 b/s,,0 b/s,473 b/s,,0 b/s,8.06 kb/s,7.72 kb/s,,,,7.99 kb/s
2025-03-18 22:21:30,0 b/s,,0 b/s,747 b/s,,0 b/s,6.58 kb/s,275 b/s,,,,13.9 kb/s,0 b/s,,0 b/s,313 b/s,,0 b/s,7.09 kb/s,6.83 kb/s,,,,6.85 kb/s
2025-03-18 22:21:45,0 b/s,,0 b/s,1.13 kb/s,,0 b/s,7.35 kb/s,616 b/s,,,,15.8 kb/s,0 b/s,,0 b/s,553 b/s,,0 b/s,8.02 kb/s,7.74 kb/s,,,,7.97 kb/s
2025-03-18 22:22:00,0 b/s,,0 b/s,808 b/s,,0 b/s,6.54 kb/s,347 b/s,,,,14.0 kb/s,0 b/s,,0 b/s,278 b/s,,0 b/s,7.09 kb/s,6.92 kb/s,,,,6.88 kb/s
2025-03-18 22:22:15,1.04 Mb/s,,0 b/s,82.7 kb/s,,1.05 Mb/s,7.41 kb/s,562 b/s,,,,15.8 kb/s,81.0 kb/s,,0 b/s,1.09 Mb/s,,81.0 kb/s,8.08 kb/s,7.72 kb/s,,,,8.00 kb/s
2025-03-18 22:22:30,4.99 Mb/s,,0 b/s,386 kb/s,,5.03 Mb/s,6.56 kb/s,275 b/s,,,,14.0 kb/s,386 kb/s,,0 b/s,5.20 Mb/s,,386 kb/s,7.11 kb/s,6.84 kb/s,,,,6.84 kb/s
2025-03-18 22:22:45,5.00 Mb/s,,0 b/s,463 kb/s,,5.04 Mb/s,6.75 kb/s,566 b/s,,,,14.5 kb/s,389 kb/s,,0 b/s,5.32 Mb/s,,389 kb/s,7.37 kb/s,7.14 kb/s,,,,7.32 kb/s
2025-03-18 22:23:00,5.46 Mb/s,,0 b/s,630 kb/s,,5.51 Mb/s,7.18 kb/s,379 b/s,,,,15.3 kb/s,450 kb/s,,0 b/s,5.96 Mb/s,,450 kb/s,7.80 kb/s,7.55 kb/s,,,,7.56 kb/s
2025-03-18 22:23:15,4.89 Mb/s,,0 b/s,449 kb/s,,4.94 Mb/s,6.73 kb/s,517 b/s,,,,14.4 kb/s,424 kb/s,,0 b/s,5.34 Mb/s,,424 kb/s,7.34 kb/s,7.05 kb/s,,,,7.25 kb/s
2025-03-18 22:23:30,78.8 kb/s,,0 b/s,104 kb/s,,98.4 kb/s,7.23 kb/s,354 b/s,,,,15.4 kb/s,81.9 kb/s,,0 b/s,126 kb/s,,81.9 kb/s,7.81 kb/s,7.58 kb/s,,,,7.62 kb/s
2025-03-18 22:23:45,116 kb/s,,0 b/s,149 kb/s,,144 kb/s,6.80 kb/s,518 b/s,,,,14.5 kb/s,112 kb/s,,0 b/s,193 kb/s,,112 kb/s,7.43 kb/s,7.06 kb/s,,,,7.31 kb/s
2025-03-18 22:24:00,106 kb/s,,0 b/s,97.0 kb/s,,131 kb/s,7.17 kb/s,380 b/s,,,,15.3 kb/s,96.2 kb/s,,0 b/s,132 kb/s,,96.2 kb/s,7.73 kb/s,7.56 kb/s,,,,7.55 kb/s
2025-03-18 22:24:15,95.4 kb/s,,0 b/s,85.3 kb/s,,118 kb/s,6.75 kb/s,566 b/s,,,,14.5 kb/s,84.5 kb/s,,0 b/s,118 kb/s,,84.5 kb/s,7.37 kb/s,7.14 kb/s,,,,7.31 kb/s
2025-03-18 22:24:30,4.77 Mb/s,,0 b/s,393 kb/s,,4.81 Mb/s,7.21 kb/s,299 b/s,,,,15.3 kb/s,391 kb/s,,0 b/s,4.98 Mb/s,,391 kb/s,7.79 kb/s,7.49 kb/s,,,,7.51 kb/s
2025-03-18 22:24:45,3.44 Mb/s,,0 b/s,287 kb/s,,3.47 Mb/s,6.82 kb/s,517 b/s,,,,14.5 kb/s,268 kb/s,,0 b/s,3.62 Mb/s,,268 kb/s,7.38 kb/s,7.08 kb/s,,,,7.33 kb/s
2025-03-18 22:25:00,16.9 kb/s,,0 b/s,22.3 kb/s,,21.4 kb/s,7.11 kb/s,378 b/s,,,,15.2 kb/s,21.4 kb/s,,0 b/s,21.7 kb/s,,21.4 kb/s,7.71 kb/s,7.52 kb/s,,,,7.48 kb/s
2025-03-18 22:25:15,15.8 kb/s,,0 b/s,20.8 kb/s,,20.0 kb/s,6.77 kb/s,568 b/s,,,,14.5 kb/s,20.0 kb/s,,0 b/s,20.3 kb/s,,20.0 kb/s,7.39 kb/s,7.13 kb/s,,,,7.33 kb/s
2025-03-18 22:25:30,34.0 kb/s,,0 b/s,87.4 kb/s,,43.2 kb/s,7.24 kb/s,299 b/s,,,,15.3 kb/s,86.3 kb/s,,0 b/s,43.7 kb/s,,86.3 kb/s,7.84 kb/s,7.49 kb/s,,,,7.54 kb/s
2025-03-18 22:25:45,0 b/s,,0 b/s,19.4 kb/s,,0 b/s,6.80 kb/s,518 b/s,,,,14.4 kb/s,0 b/s,,0 b/s,25.6 kb/s,,0 b/s,7.38 kb/s,7.05 kb/s,,,,7.31 kb/s
2025-03-18 22:26:00,0 b/s,,0 b/s,921 b/s,,0 b/s,6.55 kb/s,397 b/s,,,,14.1 kb/s,0 b/s,,0 b/s,319 b/s,,0 b/s,7.10 kb/s,6.99 kb/s,,,,6.94 kb/s
2025-03-18 22:26:15,0 b/s,,0 b/s,1.41 kb/s,,0 b/s,7.40 kb/s,564 b/s,,,,15.8 kb/s,0 b/s,,0 b/s,356 b/s,,0 b/s,8.05 kb/s,7.72 kb/s,,,,7.96 kb/s
2025-03-18 22:26:30,0 b/s,,0 b/s,21.5 kb/s,,0 b/s,7.23 kb/s,581 b/s,,,,15.6 kb/s,0 b/s,,0 b/s,28.0 kb/s,,0 b/s,7.97 kb/s,7.63 kb/s,,,,7.81 kb/s
2025-03-18 22:26:45,0 b/s,,0 b/s,770 b/s,,0 b/s,6.67 kb/s,384 b/s,,,,14.2 kb/s,0 b/s,,0 b/s,284 b/s,,0 b/s,7.17 kb/s,7.04 kb/s,,,,7.06 kb/s
2025-03-18 22:27:00,0 b/s,,0 b/s,1.01 kb/s,,0 b/s,7.26 kb/s,381 b/s,,,,15.4 kb/s,0 b/s,,0 b/s,474 b/s,,0 b/s,7.85 kb/s,7.55 kb/s,,,,7.64 kb/s
2025-03-18 22:27:15,0 b/s,,0 b/s,984 b/s,,0 b/s,6.78 kb/s,445 b/s,,,,14.4 kb/s,0 b/s,,0 b/s,422 b/s,,0 b/s,7.40 kb/s,7.03 kb/s,,,,7.23 kb/s
2025-03-18 22:27:30,0 b/s,,0 b/s,20.9 kb/s,,0 b/s,7.15 kb/s,435 b/s,,,,15.4 kb/s,0 b/s,,0 b/s,27.8 kb/s,,0 b/s,7.76 kb/s,7.64 kb/s,,,,7.59 kb/s
2025-03-18 22:27:45,0 b/s,,0 b/s,979 b/s,,0 b/s,6.79 kb/s,519 b/s,,,,14.5 kb/s,0 b/s,,0 b/s,246 b/s,,0 b/s,7.38 kb/s,7.12 kb/s,,,,7.30 kb/s
2025-03-18 22:28:00,0 b/s,,0 b/s,845 b/s,,0 b/s,7.18 kb/s,379 b/s,,,,15.2 kb/s,0 b/s,,0 b/s,361 b/s,,0 b/s,7.74 kb/s,7.49 kb/s,,,,7.56 kb/s
2025-03-18 22:28:15,0 b/s,,0 b/s,1.11 kb/s,,0 b/s,6.69 kb/s,494 b/s,,,,14.4 kb/s,0 b/s,,0 b/s,490 b/s,,37.3 b/s,7.33 kb/s,7.06 kb/s,,,,7.22 kb/s
2025-03-18 22:28:30,0 b/s,,0 b/s,24.1 kb/s,,0 b/s,7.15 kb/s,382 b/s,,,,15.3 kb/s,0 b/s,,0 b/s,29.4 kb/s,,0 b/s,7.76 kb/s,7.58 kb/s,,,,7.53 kb/s
2025-03-18 22:28:45,0 b/s,,0 b/s,1.11 kb/s,,0 b/s,6.82 kb/s,518 b/s,,,,14.5 kb/s,0 b/s,,0 b/s,351 b/s,,0 b/s,7.41 kb/s,7.04 kb/s,,,,7.33 kb/s
2025-03-18 22:29:00,0 b/s,,0 b/s,905 b/s,,0 b/s,6.61 kb/s,348 b/s,,,,14.1 kb/s,0 b/s,,0 b/s,281 b/s,,0 b/s,7.14 kb/s,6.92 kb/s,,,,6.96 kb/s
2025-03-18 22:29:15,0 b/s,,0 b/s,825 b/s,,0 b/s,7.30 kb/s,539 b/s,,,,15.7 kb/s,0 b/s,,0 b/s,397 b/s,,0 b/s,8.00 kb/s,7.70 kb/s,,,,7.84 kb/s
2025-03-18 22:29:30,0 b/s,,0 b/s,874 b/s,,0 b/s,6.58 kb/s,349 b/s,,,,14.0 kb/s,0 b/s,,0 b/s,282 b/s,,0 b/s,7.12 kb/s,6.93 kb/s,,,,6.93 kb/s
2025-03-18 22:29:45,0 b/s,,0 b/s,22.1 kb/s,,0 b/s,7.40 kb/s,565 b/s,,,,15.8 kb/s,0 b/s,,0 b/s,28.4 kb/s,,0 b/s,8.03 kb/s,7.72 kb/s,,,,7.96 kb/s
2025-03-18 22:30:00,0 b/s,,0 b/s,1.22 kb/s,,0 b/s,6.55 kb/s,397 b/s,,,,14.0 kb/s,0 b/s,,0 b/s,472 b/s,,0 b/s,7.11 kb/s,6.94 kb/s,,,,6.95 kb/s
2025-03-18 22:30:15,0 b/s,,0 b/s,969 b/s,,0 b/s,7.41 kb/s,486 b/s,,,,15.8 kb/s,0 b/s,,0 b/s,356 b/s,,0 b/s,8.10 kb/s,7.68 kb/s,,,,7.90 kb/s
2025-03-18 22:30:30,0 b/s,,0 b/s,1.02 kb/s,,0 b/s,6.58 kb/s,349 b/s,,,,14.0 kb/s,0 b/s,,0 b/s,495 b/s,,0 b/s,7.10 kb/s,6.93 kb/s,,,,6.93 kb/s
2025-03-18 22:30:45,0 b/s,,0 b/s,1.04 kb/s,,0 b/s,7.36 kb/s,619 b/s,,,,15.8 kb/s,0 b/s,,0 b/s,391 b/s,,0 b/s,8.04 kb/s,7.79 kb/s,,,,7.98 kb/s
2025-03-18 22:31:00,0 b/s,,0 b/s,940 b/s,,0 b/s,6.60 kb/s,349 b/s,,,,14.0 kb/s,0 b/s,,0 b/s,284 b/s,,0 b/s,7.13 kb/s,6.92 kb/s,,,,6.95 kb/s
2025-03-18 22:31:15,0 b/s,,0 b/s,1.03 kb/s,,0 b/s,7.45 kb/s,486 b/s,,,,15.7 kb/s,0 b/s,,0 b/s,587 b/s,,0 b/s,8.06 kb/s,7.68 kb/s,,,,7.93 kb/s
2025-03-18 22:31:30,0 b/s,,0 b/s,866 b/s,,0 b/s,6.55 kb/s,349 b/s,,,,14.0 kb/s,0 b/s,,0 b/s,284 b/s,,0 b/s,7.10 kb/s,6.93 kb/s,,,,6.89 kb/s
2025-03-18 22:31:45,0 b/s,,0 b/s,977 b/s,,0 b/s,7.36 kb/s,619 b/s,,,,15.8 kb/s,0 b/s,,0 b/s,435 b/s,,0 b/s,8.04 kb/s,7.75 kb/s,,,,7.98 kb/s
2025-03-18 22:32:00,0 b/s,,0 b/s,1.18 kb/s,,0 b/s,6.65 kb/s,349 b/s,,,,14.1 kb/s,0 b/s,,0 b/s,522 b/s,,0 b/s,7.20 kb/s,6.92 kb/s,,,,7.00 kb/s
2025-03-18 22:32:15,0 b/s,,0 b/s,972 b/s,,0 b/s,6.73 kb/s,445 b/s,,,,14.3 kb/s,0 b/s,,0 b/s,316 b/s,,0 b/s,7.33 kb/s,6.99 kb/s,,,,7.17 kb/s
2025-03-18 22:32:30,0 b/s,,0 b/s,943 b/s,,0 b/s,7.13 kb/s,434 b/s,,,,15.4 kb/s,0 b/s,,0 b/s,356 b/s,,0 b/s,7.74 kb/s,7.62 kb/s,,,,7.57 kb/s
2025-03-18 22:32:45,0 b/s,,0 b/s,943 b/s,,0 b/s,7.13 kb/s,434 b/s,,,,15.4 kb/s,0 b/s,,0 b/s,356 b/s,,0 b/s,7.74 kb/s,7.62 kb/s,,,,7.57 kb/s
2025-03-18 22:33:00,0 b/s,,0 b/s,943 b/s,,0 b/s,7.13 kb/s,434 b/s,,,,15.4 kb/s,0 b/s,,0 b/s,356 b/s,,0 b/s,7.74 kb/s,7.62 kb/s,,,,7.57 kb/s
2025-03-18 22:34:30,0 b/s,,0 b/s,805 b/s,,0 b/s,6.78 kb/s,518 b/s,,,,14.4 kb/s,0 b/s,,0 b/s,319 b/s,,0 b/s,7.37 kb/s,7.08 kb/s,,,,7.30 kb/s
2025-03-18 22:34:45,0 b/s,,0 b/s,1.34 kb/s,,0 b/s,7.22 kb/s,434 b/s,,,,15.4 kb/s,0 b/s,,0 b/s,321 b/s,,0 b/s,7.80 kb/s,7.58 kb/s,,,,7.65 kb/s
2025-03-18 22:35:00,0 b/s,,0 b/s,601 b/s,,0 b/s,6.78 kb/s,445 b/s,,,,14.4 kb/s,0 b/s,,0 b/s,136 b/s,,0 b/s,7.42 kb/s,7.03 kb/s,,,,7.23 kb/s
2025-03-18 22:35:15,0 b/s,,0 b/s,619 b/s,,0 b/s,6.63 kb/s,349 b/s,,,,14.7 kb/s,0 b/s,,0 b/s,35.2 b/s,,0 b/s,7.82 kb/s,6.93 kb/s,,,,6.97 kb/s
2025-03-18 22:35:30,0 b/s,,0 b/s,939 b/s,,0 b/s,7.34 kb/s,619 b/s,,,,15.8 kb/s,0 b/s,,0 b/s,201 b/s,,0 b/s,8.00 kb/s,7.75 kb/s,,,,7.96 kb/s
2025-03-18 22:35:45,0 b/s,,0 b/s,722 b/s,,0 b/s,6.61 kb/s,349 b/s,,,,14.0 kb/s,0 b/s,,0 b/s,108 b/s,,0 b/s,7.13 kb/s,6.89 kb/s,,,,6.95 kb/s
2025-03-18 22:36:00,0 b/s,,0 b/s,772 b/s,,0 b/s,7.44 kb/s,485 b/s,,,,15.7 kb/s,0 b/s,,0 b/s,161 b/s,,0 b/s,8.05 kb/s,7.67 kb/s,,,,7.93 kb/s
2025-03-18 22:36:15,0 b/s,,0 b/s,569 b/s,,0 b/s,6.54 kb/s,349 b/s,,,,14.0 kb/s,0 b/s,,0 b/s,105 b/s,,0 b/s,7.14 kb/s,6.92 kb/s,,,,6.89 kb/s
2025-03-18 22:36:30,0 b/s,,0 b/s,946 b/s,,0 b/s,7.35 kb/s,640 b/s,,,,15.8 kb/s,0 b/s,,0 b/s,125 b/s,,0 b/s,8.03 kb/s,7.77 kb/s,,,,7.99 kb/s
2025-03-18 22:36:45,0 b/s,,0 b/s,667 b/s,,0 b/s,6.66 kb/s,349 b/s,,,,14.1 kb/s,0 b/s,,0 b/s,105 b/s,,0 b/s,7.20 kb/s,6.97 kb/s,,,,7.01 kb/s
2025-03-18 22:37:00,0 b/s,,0 b/s,705 b/s,,0 b/s,7.41 kb/s,486 b/s,,,,15.7 kb/s,0 b/s,,0 b/s,126 b/s,,0 b/s,8.05 kb/s,7.68 kb/s,,,,7.90 kb/s
2025-03-18 22:37:15,0 b/s,,0 b/s,567 b/s,,0 b/s,6.54 kb/s,397 b/s,,,,14.1 kb/s,0 b/s,,0 b/s,104 b/s,,37.3 b/s,7.09 kb/s,6.98 kb/s,,,,6.93 kb/s
2025-03-18 22:37:30,0 b/s,,0 b/s,805 b/s,,0 b/s,7.34 kb/s,565 b/s,,,,15.7 kb/s,0 b/s,,0 b/s,170 b/s,,0 b/s,8.01 kb/s,7.68 kb/s,,,,7.90 kb/s
2025-03-18 22:37:45,0 b/s,,0 b/s,832 b/s,,0 b/s,6.65 kb/s,349 b/s,,,,14.1 kb/s,0 b/s,,0 b/s,99.2 b/s,,0 b/s,7.15 kb/s,6.92 kb/s,,,,7.00 kb/s
2025-03-18 22:38:00,0 b/s,,0 b/s,847 b/s,,0 b/s,7.36 kb/s,539 b/s,,,,15.7 kb/s,0 b/s,,0 b/s,166 b/s,,0 b/s,8.04 kb/s,7.70 kb/s,,,,7.94 kb/s
2025-03-18 22:38:15,0 b/s,,0 b/s,3.29 kb/s,,0 b/s,6.53 kb/s,349 b/s,,,,14.0 kb/s,0 b/s,,0 b/s,1.45 kb/s,,0 b/s,7.08 kb/s,6.92 kb/s,,,,6.88 kb/s
2025-03-18 22:38:30,0 b/s,,0 b/s,673 b/s,,0 b/s,6.81 kb/s,517 b/s,,,,14.4 kb/s,0 b/s,,0 b/s,136 b/s,,0 b/s,7.40 kb/s,7.03 kb/s,,,,7.32 kb/s
2025-03-18 22:38:45,0 b/s,,0 b/s,1.09 kb/s,,0 b/s,7.20 kb/s,380 b/s,,,,15.3 kb/s,0 b/s,,0 b/s,243 b/s,,0 b/s,7.79 kb/s,7.54 kb/s,,,,7.58 kb/s
2025-03-18 22:39:00,0 b/s,,0 b/s,855 b/s,,0 b/s,7.22 kb/s,383 b/s,,,,15.4 kb/s,0 b/s,,0 b/s,241 b/s,,0 b/s,7.81 kb/s,7.60 kb/s,,,,7.61 kb/s
2025-03-18 22:39:15,0 b/s,,0 b/s,1.07 kb/s,,0 b/s,6.78 kb/s,518 b/s,,,,14.4 kb/s,0 b/s,,0 b/s,369 b/s,,0 b/s,7.36 kb/s,7.07 kb/s,,,,7.29 kb/s
2025-03-18 22:39:30,0 b/s,,0 b/s,843 b/s,,0 b/s,7.21 kb/s,434 b/s,,,,15.4 kb/s,0 b/s,,0 b/s,372 b/s,,0 b/s,7.79 kb/s,7.58 kb/s,,,,7.64 kb/s
2025-03-18 22:39:45,0 b/s,,0 b/s,976 b/s,,0 b/s,6.79 kb/s,445 b/s,,,,14.5 kb/s,0 b/s,,0 b/s,70.4 b/s,,0 b/s,7.42 kb/s,7.03 kb/s,,,,7.23 kb/s
2025-03-18 22:40:00,0 b/s,,0 b/s,785 b/s,,0 b/s,7.17 kb/s,380 b/s,,,,15.3 kb/s,0 b/s,,0 b/s,278 b/s,,0 b/s,7.74 kb/s,7.55 kb/s,,,,7.55 kb/s
2025-03-18 22:40:15,0 b/s,,0 b/s,703 b/s,,0 b/s,6.70 kb/s,568 b/s,,,,14.4 kb/s,0 b/s,,0 b/s,143 b/s,,0 b/s,7.34 kb/s,7.11 kb/s,,,,7.26 kb/s
2025-03-18 22:40:30,0 b/s,,0 b/s,661 b/s,,0 b/s,7.20 kb/s,380 b/s,,,,15.3 kb/s,0 b/s,,0 b/s,129 b/s,,0 b/s,7.78 kb/s,7.55 kb/s,,,,7.58 kb/s
2025-03-18 22:40:45,0 b/s,,0 b/s,747 b/s,,0 b/s,6.82 kb/s,445 b/s,,,,14.4 kb/s,0 b/s,,0 b/s,207 b/s,,0 b/s,7.38 kb/s,7.03 kb/s,,,,7.27 kb/s
2025-03-18 22:41:00,0 b/s,,0 b/s,977 b/s,,0 b/s,7.14 kb/s,381 b/s,,,,15.3 kb/s,0 b/s,,0 b/s,129 b/s,,0 b/s,7.75 kb/s,7.56 kb/s,,,,7.52 kb/s
2025-03-18 22:41:15,0 b/s,,0 b/s,658 b/s,,0 b/s,6.75 kb/s,568 b/s,,,,14.5 kb/s,0 b/s,,0 b/s,140 b/s,,0 b/s,7.37 kb/s,7.11 kb/s,,,,7.32 kb/s
2025-03-18 22:41:30,0 b/s,,0 b/s,512 b/s,,0 b/s,6.66 kb/s,349 b/s,,,,14.1 kb/s,0 b/s,,0 b/s,143 b/s,,0 b/s,7.20 kb/s,6.93 kb/s,,,,7.01 kb/s
2025-03-18 22:41:45,0 b/s,,0 b/s,574 b/s,,0 b/s,7.45 kb/s,484 b/s,,,,15.6 kb/s,0 b/s,,0 b/s,202 b/s,,0 b/s,8.02 kb/s,7.62 kb/s,,,,7.93 kb/s
2025-03-18 22:42:00,0 b/s,,0 b/s,774 b/s,,0 b/s,6.54 kb/s,398 b/s,,,,14.1 kb/s,0 b/s,,0 b/s,140 b/s,,0 b/s,7.10 kb/s,6.98 kb/s,,,,6.94 kb/s
2025-03-18 22:42:15,0 b/s,,0 b/s,723 b/s,,0 b/s,7.36 kb/s,567 b/s,,,,15.7 kb/s,0 b/s,,0 b/s,200 b/s,,0 b/s,8.04 kb/s,7.71 kb/s,,,,7.93 kb/s
2025-03-18 22:42:30,0 b/s,,0 b/s,694 b/s,,0 b/s,6.66 kb/s,349 b/s,,,,14.1 kb/s,0 b/s,,0 b/s,143 b/s,,0 b/s,7.15 kb/s,6.93 kb/s,,,,7.00 kb/s
2025-03-18 22:42:45,0 b/s,,0 b/s,789 b/s,,0 b/s,7.33 kb/s,537 b/s,,,,15.7 kb/s,0 b/s,,0 b/s,163 b/s,,0 b/s,8.01 kb/s,7.67 kb/s,,,,7.87 kb/s
2025-03-18 22:43:00,0 b/s,,0 b/s,523 b/s,,0 b/s,6.53 kb/s,349 b/s,,,,14.0 kb/s,0 b/s,,0 b/s,140 b/s,,0 b/s,7.09 kb/s,6.93 kb/s,,,,6.88 kb/s
2025-03-18 22:43:15,0 b/s,,0 b/s,1.15 kb/s,,0 b/s,7.43 kb/s,565 b/s,,,,15.8 kb/s,0 b/s,,0 b/s,281 b/s,,0 b/s,8.08 kb/s,7.72 kb/s,,,,8.00 kb/s
2025-03-18 22:43:30,0 b/s,,0 b/s,506 b/s,,0 b/s,6.63 kb/s,350 b/s,,,,14.1 kb/s,0 b/s,,0 b/s,70.6 b/s,,0 b/s,7.17 kb/s,6.94 kb/s,,,,6.98 kb/s
2025-03-18 22:43:45,0 b/s,,0 b/s,734 b/s,,0 b/s,7.34 kb/s,537 b/s,,,,15.7 kb/s,0 b/s,,0 b/s,169 b/s,,0 b/s,8.02 kb/s,7.72 kb/s,,,,7.88 kb/s
2025-03-18 22:44:00,0 b/s,,0 b/s,708 b/s,,0 b/s,6.57 kb/s,348 b/s,,,,14.0 kb/s,0 b/s,,0 b/s,137 b/s,,0 b/s,7.10 kb/s,6.92 kb/s,,,,6.92 kb/s
2025-03-18 22:44:15,0 b/s,,0 b/s,884 b/s,,0 b/s,7.41 kb/s,567 b/s,,,,15.8 kb/s,0 b/s,,0 b/s,167 b/s,,0 b/s,8.05 kb/s,7.74 kb/s,,,,7.98 kb/s
2025-03-18 22:44:30,0 b/s,,0 b/s,805 b/s,,0 b/s,6.56 kb/s,398 b/s,,,,14.1 kb/s,0 b/s,,0 b/s,210 b/s,,0 b/s,7.11 kb/s,6.95 kb/s,,,,6.96 kb/s
2025-03-18 22:44:45,0 b/s,,0 b/s,506 b/s,,0 b/s,6.79 kb/s,445 b/s,,,,14.4 kb/s,0 b/s,,0 b/s,35.2 b/s,,0 b/s,7.42 kb/s,7.00 kb/s,,,,7.23 kb/s
2025-03-18 22:45:00,0 b/s,,0 b/s,697 b/s,,0 b/s,7.18 kb/s,381 b/s,,,,15.3 kb/s,0 b/s,,0 b/s,166 b/s,,0 b/s,7.75 kb/s,7.56 kb/s,,,,7.56 kb/s
2025-03-18 22:45:15,0 b/s,,0 b/s,999 b/s,,0 b/s,7.20 kb/s,381 b/s,,,,15.3 kb/s,0 b/s,,0 b/s,166 b/s,,0 b/s,7.78 kb/s,7.55 kb/s,,,,7.59 kb/s
2025-03-18 22:45:30,0 b/s,,0 b/s,477 b/s,,0 b/s,6.82 kb/s,445 b/s,,,,14.4 kb/s,0 b/s,,0 b/s,108 b/s,,0 b/s,7.39 kb/s,7.03 kb/s,,,,7.27 kb/s
2025-03-18 22:45:45,0 b/s,,0 b/s,704 b/s,,0 b/s,7.14 kb/s,380 b/s,,,,15.3 kb/s,0 b/s,,0 b/s,126 b/s,,0 b/s,7.74 kb/s,7.55 kb/s,,,,7.52 kb/s
2025-03-18 22:46:00,0 b/s,,0 b/s,664 b/s,,0 b/s,6.75 kb/s,568 b/s,,,,14.5 kb/s,0 b/s,,0 b/s,105 b/s,,0 b/s,7.37 kb/s,7.11 kb/s,,,,7.32 kb/s
2025-03-18 22:46:15,0 b/s,,0 b/s,938 b/s,,0 b/s,7.20 kb/s,381 b/s,,,,15.3 kb/s,0 b/s,,0 b/s,161 b/s,,0 b/s,7.78 kb/s,7.52 kb/s,,,,7.58 kb/s
2025-03-18 22:46:30,0 b/s,,0 b/s,442 b/s,,0 b/s,6.79 kb/s,445 b/s,,,,14.4 kb/s,0 b/s,,0 b/s,105 b/s,,0 b/s,7.37 kb/s,7.03 kb/s,,,,7.23 kb/s
2025-03-18 22:46:45,0 b/s,,0 b/s,811 b/s,,0 b/s,7.13 kb/s,434 b/s,,,,15.4 kb/s,0 b/s,,0 b/s,126 b/s,,0 b/s,7.74 kb/s,7.62 kb/s,,,,7.57 kb/s
2025-03-18 22:47:00,0 b/s,,0 b/s,602 b/s,,0 b/s,6.79 kb/s,519 b/s,,,,14.5 kb/s,0 b/s,,0 b/s,137 b/s,,0 b/s,7.39 kb/s,7.08 kb/s,,,,7.31 kb/s
2025-03-18 22:47:15,0 b/s,,0 b/s,722 b/s,,0 b/s,7.25 kb/s,380 b/s,,,,15.3 kb/s,0 b/s,,0 b/s,170 b/s,,0 b/s,7.80 kb/s,7.55 kb/s,,,,7.63 kb/s
2025-03-18 22:47:30,0 b/s,,0 b/s,915 b/s,,0 b/s,6.74 kb/s,493 b/s,,,,14.4 kb/s,0 b/s,,0 b/s,99.0 b/s,,0 b/s,7.36 kb/s,7.05 kb/s,,,,7.23 kb/s
2025-03-18 22:47:45,0 b/s,,0 b/s,3.41 kb/s,,0 b/s,6.54 kb/s,349 b/s,,,,14.0 kb/s,0 b/s,,0 b/s,1.73 kb/s,,0 b/s,7.09 kb/s,6.93 kb/s,,,,6.89 kb/s
2025-03-18 22:48:00,0 b/s,,0 b/s,669 b/s,,0 b/s,7.44 kb/s,566 b/s,,,,15.8 kb/s,0 b/s,,0 b/s,126 b/s,,0 b/s,8.09 kb/s,7.73 kb/s,,,,8.01 kb/s
2025-03-18 22:48:15,0 b/s,,0 b/s,658 b/s,,0 b/s,6.62 kb/s,349 b/s,,,,14.1 kb/s,0 b/s,,0 b/s,140 b/s,,0 b/s,7.15 kb/s,6.92 kb/s,,,,6.97 kb/s
2025-03-18 22:48:30,0 b/s,,0 b/s,1.00 kb/s,,0 b/s,7.30 kb/s,539 b/s,,,,15.7 kb/s,0 b/s,,0 b/s,161 b/s,,0 b/s,8.00 kb/s,7.70 kb/s,,,,7.84 kb/s
2025-03-18 22:48:45,0 b/s,,0 b/s,726 b/s,,0 b/s,6.58 kb/s,349 b/s,,,,14.0 kb/s,0 b/s,,0 b/s,140 b/s,,0 b/s,7.11 kb/s,6.92 kb/s,,,,6.93 kb/s
2025-03-18 22:49:00,0 b/s,,0 b/s,805 b/s,,0 b/s,7.40 kb/s,565 b/s,,,,15.8 kb/s,0 b/s,,0 b/s,240 b/s,,0 b/s,8.04 kb/s,7.72 kb/s,,,,7.96 kb/s
2025-03-18 22:49:15,0 b/s,,0 b/s,1.10 kb/s,,0 b/s,6.62 kb/s,398 b/s,,,,14.1 kb/s,0 b/s,,0 b/s,487 b/s,,0 b/s,7.15 kb/s,6.95 kb/s,,,,7.02 kb/s
2025-03-18 22:49:30,0 b/s,,0 b/s,770 b/s,,0 b/s,7.40 kb/s,485 b/s,,,,15.8 kb/s,0 b/s,,0 b/s,205 b/s,,0 b/s,8.09 kb/s,7.67 kb/s,,,,7.89 kb/s
2025-03-18 22:49:45,0 b/s,,0 b/s,908 b/s,,0 b/s,6.58 kb/s,349 b/s,,,,14.0 kb/s,0 b/s,,0 b/s,102 b/s,,0 b/s,7.10 kb/s,6.92 kb/s,,,,6.93 kb/s
2025-03-18 22:50:00,0 b/s,,0 b/s,878 b/s,,0 b/s,7.36 kb/s,619 b/s,,,,15.8 kb/s,0 b/s,,0 b/s,243 b/s,,0 b/s,8.04 kb/s,7.79 kb/s,,,,7.98 kb/s
2025-03-18 22:50:15,0 b/s,,0 b/s,661 b/s,,0 b/s,6.60 kb/s,349 b/s,,,,14.1 kb/s,0 b/s,,0 b/s,207 b/s,,0 b/s,7.13 kb/s,6.92 kb/s,,,,6.95 kb/s
2025-03-18 22:50:30,0 b/s,,0 b/s,787 b/s,,0 b/s,7.44 kb/s,485 b/s,,,,15.7 kb/s,0 b/s,,0 b/s,164 b/s,,0 b/s,8.05 kb/s,7.67 kb/s,,,,7.92 kb/s
2025-03-18 22:50:45,0 b/s,,0 b/s,698 b/s,,0 b/s,6.55 kb/s,349 b/s,,,,14.0 kb/s,0 b/s,,0 b/s,207 b/s,,0 b/s,7.10 kb/s,6.93 kb/s,,,,6.89 kb/s
2025-03-18 22:51:00,0 b/s,,0 b/s,1.07 kb/s,,0 b/s,7.37 kb/s,620 b/s,,,,15.8 kb/s,0 b/s,,0 b/s,129 b/s,,0 b/s,8.05 kb/s,7.77 kb/s,,,,7.99 kb/s
2025-03-18 22:51:15,0 b/s,,0 b/s,637 b/s,,0 b/s,6.65 kb/s,349 b/s,,,,14.1 kb/s,0 b/s,,0 b/s,140 b/s,,0 b/s,7.20 kb/s,6.92 kb/s,,,,7.00 kb/s
2025-03-18 22:51:30,0 b/s,,0 b/s,895 b/s,,0 b/s,7.14 kb/s,434 b/s,,,,15.4 kb/s,0 b/s,,0 b/s,164 b/s,,0 b/s,7.74 kb/s,7.62 kb/s,,,,7.57 kb/s
2025-03-18 22:51:45,0 b/s,,0 b/s,989 b/s,,0 b/s,6.73 kb/s,519 b/s,,,,14.4 kb/s,0 b/s,,0 b/s,140 b/s,,0 b/s,7.35 kb/s,7.05 kb/s,,,,7.25 kb/s
2025-03-18 22:52:00,0 b/s,,0 b/s,883 b/s,,0 b/s,7.25 kb/s,380 b/s,,,,15.3 kb/s,0 b/s,,0 b/s,202 b/s,,0 b/s,7.79 kb/s,7.55 kb/s,,,,7.63 kb/s
2025-03-18 22:52:15,0 b/s,,0 b/s,574 b/s,,0 b/s,6.76 kb/s,495 b/s,,,,14.5 kb/s,0 b/s,,0 b/s,108 b/s,,0 b/s,7.38 kb/s,7.07 kb/s,,,,7.26 kb/s
2025-03-18 22:52:30,0 b/s,,0 b/s,804 b/s,,0 b/s,7.12 kb/s,380 b/s,,,,15.3 kb/s,0 b/s,,0 b/s,164 b/s,,0 b/s,7.72 kb/s,7.55 kb/s,,,,7.50 kb/s
2025-03-18 22:52:45,0 b/s,,0 b/s,670 b/s,,0 b/s,6.82 kb/s,518 b/s,,,,14.5 kb/s,0 b/s,,0 b/s,143 b/s,,0 b/s,7.41 kb/s,7.08 kb/s,,,,7.33 kb/s
2025-03-18 22:53:00,0 b/s,,0 b/s,902 b/s,,0 b/s,7.29 kb/s,381 b/s,,,,15.4 kb/s,0 b/s,,0 b/s,278 b/s,,0 b/s,7.81 kb/s,7.56 kb/s,,,,7.67 kb/s
2025-03-18 22:53:15,0 b/s,,0 b/s,727 b/s,,0 b/s,6.75 kb/s,494 b/s,,,,14.4 kb/s,0 b/s,,0 b/s,70.4 b/s,,0 b/s,7.37 kb/s,7.06 kb/s,,,,7.24 kb/s
2025-03-18 22:53:30,0 b/s,,0 b/s,561 b/s,,0 b/s,7.17 kb/s,380 b/s,,,,15.3 kb/s,0 b/s,,0 b/s,170 b/s,,0 b/s,7.80 kb/s,7.55 kb/s,,,,7.55 kb/s
2025-03-18 22:53:45,0 b/s,,0 b/s,635 b/s,,0 b/s,6.78 kb/s,518 b/s,,,,14.4 kb/s,0 b/s,,0 b/s,137 b/s,,0 b/s,7.36 kb/s,7.07 kb/s,,,,7.30 kb/s
2025-03-18 22:54:00,0 b/s,,0 b/s,782 b/s,,0 b/s,7.23 kb/s,435 b/s,,,,15.4 kb/s,0 b/s,,0 b/s,170 b/s,,40.8 b/s,7.81 kb/s,7.64 kb/s,,,,7.67 kb/s
2025-03-18 22:54:15,0 b/s,,0 b/s,866 b/s,,0 b/s,6.78 kb/s,445 b/s,,,,14.4 kb/s,0 b/s,,0 b/s,134 b/s,,0 b/s,7.42 kb/s,7.03 kb/s,,,,7.23 kb/s
2025-03-18 22:54:30,0 b/s,,0 b/s,765 b/s,,0 b/s,6.57 kb/s,348 b/s,,,,14.0 kb/s,0 b/s,,0 b/s,143 b/s,,0 b/s,7.09 kb/s,6.91 kb/s,,,,6.92 kb/s
2025-03-18 22:54:45,0 b/s,,0 b/s,848 b/s,,0 b/s,7.36 kb/s,619 b/s,,,,15.8 kb/s,0 b/s,,0 b/s,243 b/s,,0 b/s,8.04 kb/s,7.79 kb/s,,,,7.98 kb/s
2025-03-18 22:55:00,0 b/s,,0 b/s,368 b/s,,0 b/s,6.62 kb/s,349 b/s,,,,14.1 kb/s,0 b/s,,0 b/s,70.5 b/s,,0 b/s,7.14 kb/s,6.94 kb/s,,,,6.96 kb/s
2025-03-18 22:55:15,0 b/s,,0 b/s,1.07 kb/s,,0 b/s,7.43 kb/s,485 b/s,,,,15.7 kb/s,0 b/s,,0 b/s,243 b/s,,0 b/s,8.05 kb/s,7.66 kb/s,,,,7.92 kb/s
2025-03-18 22:55:30,0 b/s,,0 b/s,632 b/s,,0 b/s,6.54 kb/s,349 b/s,,,,14.0 kb/s,0 b/s,,0 b/s,70.4 b/s,,0 b/s,7.10 kb/s,6.92 kb/s,,,,6.89 kb/s
2025-03-18 22:55:45,0 b/s,,0 b/s,642 b/s,,0 b/s,7.36 kb/s,619 b/s,,,,15.8 kb/s,0 b/s,,0 b/s,205 b/s,,0 b/s,8.04 kb/s,7.75 kb/s,,,,7.98 kb/s
2025-03-18 22:56:00,0 b/s,,0 b/s,761 b/s,,0 b/s,6.65 kb/s,349 b/s,,,,14.1 kb/s,0 b/s,,0 b/s,178 b/s,,0 b/s,7.20 kb/s,6.89 kb/s,,,,7.00 kb/s
2025-03-18 22:56:15,0 b/s,,0 b/s,606 b/s,,0 b/s,7.38 kb/s,487 b/s,,,,15.7 kb/s,0 b/s,,0 b/s,165 b/s,,0 b/s,8.04 kb/s,7.67 kb/s,,,,7.86 kb/s
2025-03-18 22:56:30,0 b/s,,0 b/s,901 b/s,,0 b/s,6.54 kb/s,398 b/s,,,,14.1 kb/s,0 b/s,,0 b/s,108 b/s,,0 b/s,7.10 kb/s,6.99 kb/s,,,,6.94 kb/s
2025-03-18 22:56:45,0 b/s,,0 b/s,818 b/s,,0 b/s,7.39 kb/s,564 b/s,,,,15.7 kb/s,0 b/s,,0 b/s,129 b/s,,0 b/s,8.04 kb/s,7.71 kb/s,,,,7.95 kb/s
2025-03-18 22:57:00,0 b/s,,0 b/s,578 b/s,,0 b/s,6.59 kb/s,349 b/s,,,,14.0 kb/s,0 b/s,,0 b/s,104 b/s,,0 b/s,7.11 kb/s,6.88 kb/s,,,,6.94 kb/s
2025-03-18 22:57:15,0 b/s,,0 b/s,526 b/s,,0 b/s,7.28 kb/s,537 b/s,,,,15.7 kb/s,0 b/s,,0 b/s,169 b/s,,0 b/s,7.98 kb/s,7.68 kb/s,,,,7.86 kb/s
2025-03-18 22:57:30,0 b/s,,0 b/s,4.19 kb/s,,0 b/s,6.53 kb/s,349 b/s,,,,14.0 kb/s,0 b/s,,0 b/s,1.56 kb/s,,0 b/s,7.08 kb/s,6.92 kb/s,,,,6.88 kb/s
2025-03-18 22:57:45,0 b/s,,0 b/s,723 b/s,,0 b/s,7.24 kb/s,381 b/s,,,,15.4 kb/s,0 b/s,,0 b/s,129 b/s,,0 b/s,7.82 kb/s,7.57 kb/s,,,,7.62 kb/s
2025-03-18 22:58:00,0 b/s,,0 b/s,378 b/s,,0 b/s,6.75 kb/s,494 b/s,,,,14.5 kb/s,0 b/s,,0 b/s,72.6 b/s,,0 b/s,7.37 kb/s,7.10 kb/s,,,,7.25 kb/s
2025-03-18 22:58:15,0 b/s,,0 b/s,765 b/s,,0 b/s,7.17 kb/s,380 b/s,,,,15.3 kb/s,0 b/s,,0 b/s,164 b/s,,0 b/s,7.75 kb/s,7.55 kb/s,,,,7.55 kb/s
2025-03-18 22:58:30,0 b/s,,0 b/s,798 b/s,,0 b/s,6.79 kb/s,519 b/s,,,,14.5 kb/s,0 b/s,,0 b/s,72.6 b/s,,0 b/s,7.37 kb/s,7.08 kb/s,,,,7.31 kb/s
2025-03-18 22:58:45,0 b/s,,0 b/s,1.41 kb/s,,0 b/s,7.22 kb/s,434 b/s,,,,15.4 kb/s,0 b/s,,0 b/s,737 b/s,,0 b/s,7.80 kb/s,7.59 kb/s,,,,7.65 kb/s
2025-03-18 22:59:00,0 b/s,,0 b/s,685 b/s,,0 b/s,6.78 kb/s,445 b/s,,,,14.4 kb/s,0 b/s,,0 b/s,70.4 b/s,,0 b/s,7.41 kb/s,7.03 kb/s,,,,7.23 kb/s
2025-03-18 22:59:15,0 b/s,,0 b/s,816 b/s,,0 b/s,7.19 kb/s,381 b/s,,,,15.3 kb/s,0 b/s,,0 b/s,170 b/s,,0 b/s,7.76 kb/s,7.56 kb/s,,,,7.57 kb/s
2025-03-18 22:59:30,0 b/s,,0 b/s,603 b/s,,0 b/s,6.74 kb/s,567 b/s,,,,14.5 kb/s,0 b/s,,0 b/s,137 b/s,,0 b/s,7.36 kb/s,7.14 kb/s,,,,7.31 kb/s
2025-03-18 22:59:45,0 b/s,,0 b/s,736 b/s,,0 b/s,7.15 kb/s,381 b/s,,,,15.3 kb/s,0 b/s,,0 b/s,170 b/s,,0 b/s,7.75 kb/s,7.53 kb/s,,,,7.54 kb/s
2025-03-18 23:00:00,0 b/s,,0 b/s,713 b/s,,0 b/s,6.82 kb/s,445 b/s,,,,14.4 kb/s,0 b/s,,0 b/s,175 b/s,,0 b/s,7.38 kb/s,6.99 kb/s,,,,7.26 kb/s
2025-03-18 23:00:15,0 b/s,,0 b/s,689 b/s,,0 b/s,7.14 kb/s,380 b/s,,,,15.3 kb/s,0 b/s,,0 b/s,168 b/s,,0 b/s,7.74 kb/s,7.55 kb/s,,,,7.52 kb/s
2025-03-18 23:00:30,0 b/s,,0 b/s,689 b/s,,0 b/s,7.14 kb/s,380 b/s,,,,15.3 kb/s,0 b/s,,0 b/s,168 b/s,,0 b/s,7.74 kb/s,7.55 kb/s,,,,7.52 kb/s
2025-03-18 23:00:45,0 b/s,,0 b/s,689 b/s,,0 b/s,7.14 kb/s,380 b/s,,,,15.3 kb/s,0 b/s,,0 b/s,168 b/s,,0 b/s,7.74 kb/s,7.55 kb/s,,,,7.52 kb/s
2025-03-18 23:01:30,0 b/s,,0 b/s,697 b/s,,0 b/s,7.17 kb/s,380 b/s,,,,15.3 kb/s,0 b/s,,0 b/s,112 b/s,,0 b/s,7.75 kb/s,7.54 kb/s,,,,7.55 kb/s
2025-03-18 23:01:45,0 b/s,,0 b/s,928 b/s,,0 b/s,6.79 kb/s,519 b/s,,,,14.5 kb/s,0 b/s,,0 b/s,175 b/s,,0 b/s,7.37 kb/s,7.08 kb/s,,,,7.31 kb/s
2025-03-18 23:02:00,0 b/s,,0 b/s,878 b/s,,0 b/s,7.20 kb/s,353 b/s,,,,15.3 kb/s,0 b/s,,0 b/s,199 b/s,,0 b/s,7.78 kb/s,7.52 kb/s,,,,7.56 kb/s
2025-03-18 23:02:15,0 b/s,,0 b/s,541 b/s,,0 b/s,6.78 kb/s,518 b/s,,,,14.5 kb/s,0 b/s,,0 b/s,108 b/s,,0 b/s,7.41 kb/s,7.08 kb/s,,,,7.30 kb/s
2025-03-18 23:02:30,0 b/s,,0 b/s,765 b/s,,0 b/s,7.13 kb/s,379 b/s,,,,15.2 kb/s,0 b/s,,0 b/s,201 b/s,,0 b/s,7.69 kb/s,7.52 kb/s,,,,7.51 kb/s
2025-03-18 23:02:45,0 b/s,,0 b/s,674 b/s,,0 b/s,6.76 kb/s,568 b/s,,,,14.5 kb/s,0 b/s,,0 b/s,108 b/s,,0 b/s,7.38 kb/s,7.15 kb/s,,,,7.33 kb/s
2025-03-18 23:03:00,0 b/s,,0 b/s,1.06 kb/s,,0 b/s,7.21 kb/s,300 b/s,,,,15.3 kb/s,0 b/s,,0 b/s,243 b/s,,0 b/s,7.79 kb/s,7.49 kb/s,,,,7.51 kb/s
2025-03-18 23:03:15,0 b/s,,0 b/s,665 b/s,,0 b/s,6.82 kb/s,518 b/s,,,,14.5 kb/s,0 b/s,,0 b/s,102 b/s,,0 b/s,7.38 kb/s,7.08 kb/s,,,,7.34 kb/s
2025-03-18 23:03:30,0 b/s,,0 b/s,820 b/s,,0 b/s,7.13 kb/s,380 b/s,,,,15.3 kb/s,0 b/s,,0 b/s,243 b/s,,0 b/s,7.74 kb/s,7.55 kb/s,,,,7.51 kb/s
2025-03-18 23:03:45,0 b/s,,0 b/s,663 b/s,,0 b/s,6.75 kb/s,568 b/s,,,,14.5 kb/s,0 b/s,,0 b/s,102 b/s,,0 b/s,7.38 kb/s,7.12 kb/s,,,,7.32 kb/s
2025-03-18 23:04:00,0 b/s,,0 b/s,840 b/s,,0 b/s,7.20 kb/s,300 b/s,,,,15.2 kb/s,0 b/s,,0 b/s,205 b/s,,0 b/s,7.77 kb/s,7.46 kb/s,,,,7.50 kb/s
2025-03-18 23:04:15,0 b/s,,0 b/s,941 b/s,,0 b/s,6.78 kb/s,518 b/s,,,,14.5 kb/s,0 b/s,,0 b/s,175 b/s,,0 b/s,7.37 kb/s,7.08 kb/s,,,,7.30 kb/s
2025-03-18 23:04:30,0 b/s,,0 b/s,660 b/s,,0 b/s,6.54 kb/s,398 b/s,,,,14.1 kb/s,0 b/s,,0 b/s,83.2 b/s,,0 b/s,7.10 kb/s,6.99 kb/s,,,,6.94 kb/s
2025-03-18 23:04:45,0 b/s,,0 b/s,818 b/s,,0 b/s,7.41 kb/s,566 b/s,,,,15.8 kb/s,0 b/s,,0 b/s,149 b/s,,0 b/s,8.06 kb/s,7.73 kb/s,,,,7.97 kb/s
2025-03-18 23:05:00,0 b/s,,0 b/s,628 b/s,,0 b/s,6.64 kb/s,275 b/s,,,,14.0 kb/s,0 b/s,,0 b/s,35.2 b/s,,0 b/s,7.14 kb/s,6.88 kb/s,,,,6.92 kb/s
2025-03-18 23:05:15,0 b/s,,0 b/s,1.02 kb/s,,0 b/s,7.36 kb/s,619 b/s,,,,15.8 kb/s,0 b/s,,0 b/s,242 b/s,,0 b/s,8.04 kb/s,7.75 kb/s,,,,7.98 kb/s
2025-03-18 23:05:30,0 b/s,,0 b/s,772 b/s,,0 b/s,7.38 kb/s,565 b/s,,,,15.7 kb/s,0 b/s,,0 b/s,160 b/s,,0 b/s,8.01 kb/s,7.68 kb/s,,,,7.94 kb/s
2025-03-18 23:05:45,0 b/s,,0 b/s,624 b/s,,0 b/s,6.62 kb/s,275 b/s,,,,14.0 kb/s,0 b/s,,0 b/s,72.6 b/s,,0 b/s,7.16 kb/s,6.88 kb/s,,,,6.90 kb/s
2025-03-18 23:06:00,0 b/s,,0 b/s,784 b/s,,0 b/s,7.37 kb/s,619 b/s,,,,15.8 kb/s,0 b/s,,0 b/s,196 b/s,,0 b/s,8.05 kb/s,7.80 kb/s,,,,7.99 kb/s
2025-03-18 23:06:15,0 b/s,,0 b/s,825 b/s,,0 b/s,6.58 kb/s,349 b/s,,,,14.0 kb/s,0 b/s,,0 b/s,105 b/s,,0 b/s,7.11 kb/s,6.92 kb/s,,,,6.93 kb/s
2025-03-18 23:06:30,0 b/s,,0 b/s,732 b/s,,0 b/s,7.34 kb/s,566 b/s,,,,15.7 kb/s,0 b/s,,0 b/s,90.8 b/s,,0 b/s,8.00 kb/s,7.69 kb/s,,,,7.91 kb/s
2025-03-18 23:06:45,0 b/s,,0 b/s,642 b/s,,0 b/s,6.61 kb/s,324 b/s,,,,14.0 kb/s,0 b/s,,0 b/s,136 b/s,,0 b/s,7.15 kb/s,6.90 kb/s,,,,6.94 kb/s
2025-03-18 23:07:00,0 b/s,,0 b/s,4.06 kb/s,,0 b/s,7.42 kb/s,567 b/s,,,,15.8 kb/s,0 b/s,,0 b/s,1.67 kb/s,,0 b/s,8.11 kb/s,7.74 kb/s,,,,7.98 kb/s
2025-03-18 23:07:15,0 b/s,,0 b/s,873 b/s,,0 b/s,6.57 kb/s,349 b/s,,,,14.0 kb/s,0 b/s,,0 b/s,67.2 b/s,,0 b/s,7.09 kb/s,6.93 kb/s,,,,6.92 kb/s
2025-03-18 23:07:30,0 b/s,,0 b/s,658 b/s,,0 b/s,6.75 kb/s,567 b/s,,,,14.5 kb/s,0 b/s,,0 b/s,220 b/s,,0 b/s,7.37 kb/s,7.14 kb/s,,,,7.31 kb/s
2025-03-18 23:07:45,0 b/s,,0 b/s,726 b/s,,0 b/s,7.20 kb/s,299 b/s,,,,15.3 kb/s,0 b/s,,0 b/s,38.3 b/s,,0 b/s,7.78 kb/s,7.48 kb/s,,,,7.50 kb/s
2025-03-18 23:08:00,0 b/s,,0 b/s,604 b/s,,0 b/s,6.81 kb/s,518 b/s,,,,14.4 kb/s,0 b/s,,0 b/s,172 b/s,,0 b/s,7.37 kb/s,7.07 kb/s,,,,7.33 kb/s
2025-03-18 23:08:15,0 b/s,,0 b/s,904 b/s,,0 b/s,7.16 kb/s,382 b/s,,,,15.3 kb/s,0 b/s,,0 b/s,126 b/s,,0 b/s,7.77 kb/s,7.57 kb/s,,,,7.54 kb/s
2025-03-18 23:08:30,0 b/s,,0 b/s,1.37 kb/s,,0 b/s,6.74 kb/s,567 b/s,,,,14.5 kb/s,0 b/s,,0 b/s,624 b/s,,0 b/s,7.36 kb/s,7.10 kb/s,,,,7.31 kb/s
2025-03-18 23:08:45,0 b/s,,0 b/s,721 b/s,,0 b/s,7.21 kb/s,301 b/s,,,,15.3 kb/s,0 b/s,,0 b/s,209 b/s,,0 b/s,7.79 kb/s,7.47 kb/s,,,,7.51 kb/s
2025-03-18 23:09:00,0 b/s,,0 b/s,654 b/s,,0 b/s,6.78 kb/s,518 b/s,,,,14.4 kb/s,0 b/s,,0 b/s,70.4 b/s,,0 b/s,7.37 kb/s,7.08 kb/s,,,,7.30 kb/s
2025-03-18 23:09:15,0 b/s,,0 b/s,758 b/s,,0 b/s,7.15 kb/s,434 b/s,,,,15.4 kb/s,0 b/s,,0 b/s,240 b/s,,0 b/s,7.75 kb/s,7.63 kb/s,,,,7.58 kb/s
2025-03-18 23:09:30,0 b/s,,0 b/s,689 b/s,,0 b/s,6.78 kb/s,518 b/s,,,,14.5 kb/s,0 b/s,,0 b/s,318 b/s,,0 b/s,7.38 kb/s,7.08 kb/s,,,,7.30 kb/s
2025-03-18 23:09:45,0 b/s,,0 b/s,998 b/s,,0 b/s,7.19 kb/s,300 b/s,,,,15.2 kb/s,0 b/s,,0 b/s,132 b/s,,0 b/s,7.75 kb/s,7.47 kb/s,,,,7.49 kb/s
2025-03-18 23:10:00,0 b/s,,0 b/s,631 b/s,,0 b/s,6.75 kb/s,567 b/s,,,,14.5 kb/s,0 b/s,,0 b/s,175 b/s,,0 b/s,7.37 kb/s,7.11 kb/s,,,,7.31 kb/s
2025-03-18 23:10:15,0 b/s,,0 b/s,839 b/s,,0 b/s,7.13 kb/s,380 b/s,,,,15.3 kb/s,0 b/s,,0 b/s,202 b/s,,0 b/s,7.74 kb/s,7.55 kb/s,,,,7.51 kb/s
2025-03-18 23:10:30,0 b/s,,0 b/s,764 b/s,,0 b/s,6.82 kb/s,519 b/s,,,,14.5 kb/s,0 b/s,,0 b/s,140 b/s,,0 b/s,7.42 kb/s,7.08 kb/s,,,,7.34 kb/s
2025-03-18 23:10:45,0 b/s,,0 b/s,935 b/s,,0 b/s,6.62 kb/s,275 b/s,,,,14.0 kb/s,0 b/s,,0 b/s,118 b/s,,0 b/s,7.15 kb/s,6.84 kb/s,,,,6.89 kb/s
2025-03-18 23:11:00,0 b/s,,0 b/s,21.1 kb/s,,0 b/s,7.36 kb/s,619 b/s,,,,15.8 kb/s,0 b/s,,0 b/s,27.5 kb/s,,0 b/s,8.04 kb/s,7.80 kb/s,,,,7.98 kb/s
2025-03-18 23:11:15,0 b/s,,0 b/s,711 b/s,,0 b/s,6.58 kb/s,349 b/s,,,,14.0 kb/s,0 b/s,,0 b/s,319 b/s,,0 b/s,7.11 kb/s,6.92 kb/s,,,,6.93 kb/s
2025-03-18 23:11:30,0 b/s,,0 b/s,42.7 kb/s,,0 b/s,7.39 kb/s,565 b/s,,,,15.7 kb/s,0 b/s,,0 b/s,79.5 kb/s,,0 b/s,8.03 kb/s,7.72 kb/s,,,,7.96 kb/s
2025-03-18 23:11:45,0 b/s,,0 b/s,220 kb/s,,0 b/s,7.41 kb/s,566 b/s,,,,15.8 kb/s,0 b/s,,0 b/s,296 kb/s,,0 b/s,8.10 kb/s,7.73 kb/s,,,,7.97 kb/s
2025-03-18 23:12:00,0 b/s,,0 b/s,558 b/s,,0 b/s,6.56 kb/s,349 b/s,,,,14.0 kb/s,0 b/s,,0 b/s,72.4 b/s,,0 b/s,7.07 kb/s,6.91 kb/s,,,,6.91 kb/s
2025-03-18 23:12:15,4.68 Mb/s,,0 b/s,360 kb/s,,4.72 Mb/s,7.37 kb/s,620 b/s,,,,15.8 kb/s,360 kb/s,,0 b/s,4.89 Mb/s,,360 kb/s,8.09 kb/s,7.84 kb/s,,,,8.03 kb/s
2025-03-18 23:12:30,4.99 Mb/s,,0 b/s,386 kb/s,,5.03 Mb/s,6.62 kb/s,275 b/s,,,,14.0 kb/s,385 kb/s,,0 b/s,5.20 Mb/s,,386 kb/s,7.15 kb/s,6.88 kb/s,,,,6.90 kb/s
2025-03-18 23:12:45,5.46 Mb/s,,0 b/s,561 kb/s,,5.51 Mb/s,7.44 kb/s,566 b/s,,,,15.7 kb/s,439 kb/s,,0 b/s,5.87 Mb/s,,439 kb/s,8.05 kb/s,7.68 kb/s,,,,8.00 kb/s
2025-03-18 23:13:00,5.00 Mb/s,,0 b/s,411 kb/s,,5.05 Mb/s,6.54 kb/s,349 b/s,,,,14.0 kb/s,410 kb/s,,0 b/s,5.22 Mb/s,,410 kb/s,7.10 kb/s,6.92 kb/s,,,,6.89 kb/s
2025-03-18 23:13:15,1.72 Mb/s,,0 b/s,279 kb/s,,1.75 Mb/s,7.37 kb/s,621 b/s,,,,15.8 kb/s,198 kb/s,,0 b/s,1.92 Mb/s,,198 kb/s,8.05 kb/s,7.77 kb/s,,,,7.99 kb/s
2025-03-18 23:13:30,115 kb/s,,0 b/s,110 kb/s,,142 kb/s,6.65 kb/s,275 b/s,,,,14.1 kb/s,109 kb/s,,0 b/s,143 kb/s,,109 kb/s,7.20 kb/s,6.87 kb/s,,,,6.93 kb/s
2025-03-18 23:13:45,113 kb/s,,0 b/s,105 kb/s,,140 kb/s,7.40 kb/s,566 b/s,,,,15.8 kb/s,104 kb/s,,0 b/s,140 kb/s,,104 kb/s,8.04 kb/s,7.72 kb/s,,,,7.97 kb/s
2025-03-18 23:14:00,96.1 kb/s,,0 b/s,85.9 kb/s,,119 kb/s,6.54 kb/s,398 b/s,,,,14.1 kb/s,84.9 kb/s,,0 b/s,119 kb/s,,84.9 kb/s,7.10 kb/s,6.99 kb/s,,,,6.94 kb/s
2025-03-18 23:14:15,2.76 Mb/s,,0 b/s,303 kb/s,,2.79 Mb/s,6.78 kb/s,519 b/s,,,,14.5 kb/s,259 kb/s,,0 b/s,3.12 Mb/s,,259 kb/s,7.42 kb/s,7.04 kb/s,,,,7.30 kb/s
2025-03-18 23:14:30,5.44 Mb/s,,0 b/s,482 kb/s,,5.48 Mb/s,7.18 kb/s,300 b/s,,,,15.2 kb/s,420 kb/s,,0 b/s,5.75 Mb/s,,420 kb/s,7.74 kb/s,7.46 kb/s,,,,7.48 kb/s
2025-03-18 23:14:45,120 kb/s,,0 b/s,57.4 kb/s,,123 kb/s,6.75 kb/s,568 b/s,,,,14.5 kb/s,20.0 kb/s,,0 b/s,177 kb/s,,20.0 kb/s,7.37 kb/s,7.11 kb/s,,,,7.32 kb/s
2025-03-18 23:15:00,21.7 kb/s,,0 b/s,48.6 kb/s,,27.5 kb/s,7.13 kb/s,381 b/s,,,,15.3 kb/s,27.5 kb/s,,0 b/s,55.1 kb/s,,27.5 kb/s,7.74 kb/s,7.54 kb/s,,,,7.51 kb/s
2025-03-18 23:15:15,33.6 kb/s,,0 b/s,120 kb/s,,42.7 kb/s,6.82 kb/s,519 b/s,,,,14.5 kb/s,82.3 kb/s,,0 b/s,92.7 kb/s,,82.3 kb/s,7.42 kb/s,7.04 kb/s,,,,7.34 kb/s
2025-03-18 23:15:30,0 b/s,,0 b/s,872 b/s,,0 b/s,7.21 kb/s,300 b/s,,,,15.3 kb/s,0 b/s,,0 b/s,396 b/s,,0 b/s,7.79 kb/s,7.49 kb/s,,,,7.51 kb/s
2025-03-18 23:15:45,0 b/s,,0 b/s,727 b/s,,0 b/s,6.76 kb/s,568 b/s,,,,14.5 kb/s,0 b/s,,0 b/s,247 b/s,,0 b/s,7.38 kb/s,7.15 kb/s,,,,7.32 kb/s
2025-03-18 23:16:00,0 b/s,,0 b/s,1.47 kb/s,,0 b/s,7.18 kb/s,381 b/s,,,,15.3 kb/s,0 b/s,,0 b/s,593 b/s,,0 b/s,7.76 kb/s,7.56 kb/s,,,,7.56 kb/s
2025-03-18 23:16:15,0 b/s,,0 b/s,28.7 kb/s,,0 b/s,6.78 kb/s,519 b/s,,,,14.4 kb/s,0 b/s,,0 b/s,1.92 Mb/s,,0 b/s,7.36 kb/s,7.07 kb/s,,,,7.30 kb/s
2025-03-18 23:16:30,0 b/s,,0 b/s,868 b/s,,0 b/s,7.22 kb/s,354 b/s,,,,15.3 kb/s,0 b/s,,0 b/s,321 b/s,,0 b/s,7.80 kb/s,7.53 kb/s,,,,7.57 kb/s
2025-03-18 23:16:45,0 b/s,,0 b/s,6.71 kb/s,,0 b/s,6.79 kb/s,519 b/s,,,,14.5 kb/s,0 b/s,,0 b/s,5.03 kb/s,,0 b/s,7.42 kb/s,7.04 kb/s,,,,7.30 kb/s
2025-03-18 23:17:00,0 b/s,,0 b/s,957 b/s,,0 b/s,7.16 kb/s,381 b/s,,,,15.3 kb/s,0 b/s,,0 b/s,398 b/s,,0 b/s,7.73 kb/s,7.56 kb/s,,,,7.55 kb/s
2025-03-18 23:17:15,0 b/s,,0 b/s,4.19 kb/s,,0 b/s,6.75 kb/s,568 b/s,,,,14.5 kb/s,0 b/s,,0 b/s,9.53 kb/s,,0 b/s,7.37 kb/s,7.14 kb/s,,,,7.32 kb/s
2025-03-18 23:17:30,0 b/s,,0 b/s,75.1 kb/s,,0 b/s,6.62 kb/s,275 b/s,,,,14.0 kb/s,0 b/s,,0 b/s,320 kb/s,,0 b/s,7.15 kb/s,6.87 kb/s,,,,6.89 kb/s
2025-03-18 23:17:45,0 b/s,,0 b/s,1.06 Mb/s,,0 b/s,7.44 kb/s,566 b/s,,,,15.8 kb/s,0 b/s,,0 b/s,2.41 Mb/s,,0 b/s,8.05 kb/s,7.72 kb/s,,,,8.00 kb/s
2025-03-18 23:18:00,0 b/s,,0 b/s,20.1 kb/s,,0 b/s,7.47 kb/s,629 b/s,,,,16.0 kb/s,0 b/s,,0 b/s,25.9 kb/s,,0 b/s,8.16 kb/s,7.87 kb/s,,,,8.10 kb/s
2025-03-18 23:18:15,0 b/s,,0 b/s,14.8 kb/s,,0 b/s,6.65 kb/s,275 b/s,,,,14.1 kb/s,0 b/s,,0 b/s,27.1 kb/s,,0 b/s,7.20 kb/s,6.87 kb/s,,,,6.93 kb/s
2025-03-18 23:18:30,0 b/s,,0 b/s,8.79 kb/s,,0 b/s,7.34 kb/s,561 b/s,,,,15.6 kb/s,0 b/s,,0 b/s,41.5 kb/s,,0 b/s,7.97 kb/s,7.66 kb/s,,,,7.90 kb/s
2025-03-18 23:18:45,0 b/s,,0 b/s,4.94 kb/s,,0 b/s,6.55 kb/s,399 b/s,,,,14.1 kb/s,0 b/s,,0 b/s,16.3 kb/s,,0 b/s,7.11 kb/s,7.00 kb/s,,,,6.95 kb/s
2025-03-18 23:19:00,0 b/s,,0 b/s,3.18 kb/s,,0 b/s,7.29 kb/s,562 b/s,,,,15.6 kb/s,0 b/s,,0 b/s,2.12 kb/s,,0 b/s,7.96 kb/s,7.63 kb/s,,,,7.85 kb/s
2025-03-18 23:19:15,0 b/s,,0 b/s,20.8 kb/s,,0 b/s,6.64 kb/s,275 b/s,,,,14.0 kb/s,0 b/s,,0 b/s,184 kb/s,,0 b/s,7.13 kb/s,6.88 kb/s,,,,6.92 kb/s
2025-03-18 23:19:30,0 b/s,,0 b/s,1.98 kb/s,,0 b/s,7.37 kb/s,620 b/s,,,,15.8 kb/s,0 b/s,,0 b/s,1.14 kb/s,,0 b/s,8.04 kb/s,7.76 kb/s,,,,7.99 kb/s
2025-03-18 23:19:45,0 b/s,,0 b/s,20.4 kb/s,,0 b/s,6.54 kb/s,349 b/s,,,,14.0 kb/s,0 b/s,,0 b/s,162 kb/s,,0 b/s,7.10 kb/s,6.92 kb/s,,,,6.89 kb/s
2025-03-18 23:20:00,0 b/s,,0 b/s,799 b/s,,0 b/s,7.43 kb/s,566 b/s,,,,15.8 kb/s,0 b/s,,0 b/s,323 b/s,,0 b/s,8.08 kb/s,7.72 kb/s,,,,8 kb/s
2025-03-18 23:20:15,0 b/s,,0 b/s,22.4 kb/s,,0 b/s,6.62 kb/s,275 b/s,,,,14.0 kb/s,0 b/s,,0 b/s,164 kb/s,,0 b/s,7.16 kb/s,6.88 kb/s,,,,6.90 kb/s
2025-03-18 23:20:30,0 b/s,,0 b/s,747 b/s,,0 b/s,6.75 kb/s,568 b/s,,,,14.5 kb/s,0 b/s,,0 b/s,246 b/s,,0 b/s,7.37 kb/s,7.14 kb/s,,,,7.31 kb/s
2025-03-18 23:20:45,0 b/s,,0 b/s,1.19 kb/s,,0 b/s,7.22 kb/s,383 b/s,,,,15.4 kb/s,0 b/s,,0 b/s,476 b/s,,0 b/s,7.80 kb/s,7.59 kb/s,,,,7.60 kb/s
2025-03-18 23:21:00,0 b/s,,0 b/s,892 b/s,,0 b/s,6.79 kb/s,519 b/s,,,,14.5 kb/s,0 b/s,,0 b/s,423 b/s,,0 b/s,7.38 kb/s,7.09 kb/s,,,,7.31 kb/s
2025-03-18 23:21:15,0 b/s,,0 b/s,22.8 kb/s,,0 b/s,7.15 kb/s,353 b/s,,,,15.3 kb/s,0 b/s,,0 b/s,179 kb/s,,0 b/s,7.76 kb/s,7.53 kb/s,,,,7.51 kb/s
2025-03-18 23:21:30,0 b/s,,0 b/s,702 b/s,,0 b/s,6.79 kb/s,519 b/s,,,,14.5 kb/s,0 b/s,,0 b/s,319 b/s,,0 b/s,7.42 kb/s,7.08 kb/s,,,,7.31 kb/s
2025-03-18 23:21:45,0 b/s,,0 b/s,875 b/s,,0 b/s,7.16 kb/s,381 b/s,,,,15.3 kb/s,0 b/s,,0 b/s,433 b/s,,0 b/s,7.73 kb/s,7.55 kb/s,,,,7.54 kb/s
2025-03-18 23:22:00,0 b/s,,0 b/s,995 b/s,,0 b/s,6.75 kb/s,568 b/s,,,,14.5 kb/s,0 b/s,,0 b/s,495 b/s,,0 b/s,7.37 kb/s,7.15 kb/s,,,,7.32 kb/s